invoice_date,ref_no,party_name,pending_amount,due_date,days_passed
31-Mar-21,894,ANIL NEERUKONDA EDUCATIONAL SOCIETY,2408.0,31-Mar-21,1125
17-Dec-21,921,Q1 BONE & JOINT HOSPITAL,18638.0,17-Dec-21,864
4-Jan-22,998,VIJAY ORTHOPEDIC & ACCIDENT CARE HOSPITAL,119750.0,4-Jan-22,846
27-Mar-22,1423,KRISHNA INSTITUTE OF MEDICAL SCIENCES LTD NELLORE,1.0,27-Mar-22,764
31-Mar-22,1252,"RAMESH HOSPITAL PRIVATE LIMITED, Vijayawada",60000.0,31-Mar-22,760
31-Mar-22,OP,SRI SWARUPA SUPER SPECIALITY HOSPITAL,37302.0,31-Mar-22,760
31-Mar-22,323,SWETHA PHARMACY,43125.0,31-Mar-22,760
31-Mar-22,302,SWETHA PHARMACY,56875.0,31-Mar-22,760
31-Mar-22,Opp,TRUST PHARMACEUTICALS,283801.0,31-Mar-22,760
2-Apr-22,GSTSAL/3,M.J.NAIDU SUPER SPECIALITY HOSPITALS,0.3,2-Apr-22,758
6-Apr-22,20,TRUST PHARMACEUTICALS,29099.0,6-Apr-22,754
12-Apr-22,GSTSAL/45,KUNDA HOSPITALS,61885.0,12-Apr-22,748
12-Apr-22,40,TRUST PHARMACEUTICALS,35594.0,12-Apr-22,748
12-Apr-22,43,TRUST PHARMACEUTICALS,37042.0,12-Apr-22,748
12-Apr-22,44,TRUST PHARMACEUTICALS,16285.0,12-Apr-22,748
13-Apr-22,55,TRUST PHARMACEUTICALS,13998.0,13-Apr-22,747
13-Apr-22,56,TRUST PHARMACEUTICALS,21891.0,13-Apr-22,747
14-Apr-22,GSTSAL/61,KUNDA HOSPITALS,58000.0,14-Apr-22,746
16-Apr-22,GSTSAL/77,NANDAN HOSPITALS,60323.0,16-Apr-22,744
16-Apr-22,GSTSAL/68,NRI ACADEMY OF SCIENCES PHARMACY STORES,46882.0,16-Apr-22,744
18-Apr-22,78,TRUST PHARMACEUTICALS,4666.0,18-Apr-22,742
19-Apr-22,GSTSAL/93,NANDAN HOSPITALS,24500.0,19-Apr-22,741
19-Apr-22,GSTSAL/92,SAMUDRA HEALTHCARE ENTERPRISE LIMITED,22575.0,19-Apr-22,741
19-Apr-22,90,TRUST PHARMACEUTICALS,58959.0,19-Apr-22,741
20-Apr-22,106,TRUST PHARMACEUTICALS,26452.0,20-Apr-22,740
22-Apr-22,115,TRUST PHARMACEUTICALS,37041.0,22-Apr-22,738
23-Apr-22,GSTSAL/123,USHA ENTERPRISES,17850.0,23-Apr-22,737
28-Apr-22,GSTSAL/153,KRISHNA INSTITUTE OF MEDICAL SCIENCES LTD NELLORE,65000.0,28-Apr-22,732
28-Apr-22,155,TRUST PHARMACEUTICALS,23493.0,28-Apr-22,732
2-May-22,170,TRUST PHARMACEUTICALS,7341.0,2-May-22,728
2-May-22,171,TRUST PHARMACEUTICALS,49361.0,2-May-22,728
3-May-22,177,TRUST PHARMACEUTICALS,20462.0,3-May-22,727
8-May-22,197,TRUST PHARMACEUTICALS,53072.0,8-May-22,722
16-May-22,GSTSAL/251,NANDAN HOSPITALS,117857.0,16-May-22,714
16-May-22,250,TRUST PHARMACEUTICALS,26459.0,16-May-22,714
21-May-22,GSTSAL/294,NANDAN HOSPITALS,117857.0,21-May-22,709
23-May-22,299,TRUST PHARMACEUTICALS,17085.0,23-May-22,707
23-May-22,300,TRUST PHARMACEUTICALS,21196.0,23-May-22,707
24-May-22,GSTSAL/308,RAMEEZA ORTHOPEDIC CENTRE(CASH BILLS),44000.0,24-May-22,706
24-May-22,GSTSAL/307,VARUNI SURGICALS,6384.0,24-May-22,706
28-May-22,329,TRUST PHARMACEUTICALS,18422.0,28-May-22,702
30-May-22,339,TRUST PHARMACEUTICALS,27310.0,30-May-22,700
3-Jun-22,GSTSAL/369,A J SURGICALS,3285.0,3-Jun-22,696
4-Jun-22,GSTSAL/373,A J SURGICALS,9555.0,4-Jun-22,695
8-Jun-22,GSTSAL/384,"SHREYA''''S ORTHO, SKIN MULTISPECIALITY HOSPITAL",33040.0,8-Jun-22,691
9-Jun-22,RI22607765,STRYKER INDIA PVT LIMITED,0.4,9-Jun-22,690
10-Jun-22,GSTSAL/402,SENTHINI HOSPITALS,20000.0,10-Jun-22,689
13-Jun-22,73,OSTEOCARE MEDICAL PRIVATE LIMITED,364275.0,13-Jun-22,686
13-Jun-22,GT/334,OSTEOCARE MEDICAL PRIVATE LIMITED,52586.0,13-Jun-22,686
13-Jun-22,GSTSAL/420,ROOPA ORTHOPAEDIC & MULTI SPECIALITY HOSPITAL,19400.0,13-Jun-22,686
15-Jun-22,GSTSAL/430,ANIL NEERUKONDA EDUCATIONAL SOCIETY,1894.0,15-Jun-22,684
18-Jun-22,GSTSAL/467,L G MEDICAL SPECIALITIES,1568.0,18-Jun-22,681
20-Jun-22,GSTSAL/473,PUSHPA INDO - BRITISH PHARMACY,175.0,20-Jun-22,679
20-Jun-22,GSTSAL/472,SRI SAI GANESH MEDICALS,46619.0,20-Jun-22,679
25-Jun-22,GSTSAL/515,"RAMESH HOSPITALS PVT LIMITED, GUNTUR",0.5,25-Jun-22,674
1-Jul-22,GSTSAL/573,A J SURGICALS,5181.0,1-Jul-22,668
5-Jul-22,GSTSAL/604,IMPERIAL HOSPITAL,61885.0,5-Jul-22,664
11-Jul-22,GSTSAL/654,TULASI MULTISPECIALITY HOSPITALS,27753.0,11-Jul-22,658
16-Jul-22,GSTSAL/686,SRAVANI HOSPITAL,500.0,16-Jul-22,653
21-Jul-22,GSTSAL/721,"RAMESH HOSPITALS PVT LIMITED, GUNTUR",0.5,21-Jul-22,648
23-Jul-22,GSTSAL/745,MP&EEH&MW TRUST KIMS ICON HOSPITAL,971.0,23-Jul-22,646
26-Jul-22,GSTSAL/780,BIRRD TRUST HOSPITAL,2511.0,26-Jul-22,643
26-Jul-22,GSTSAL/781,SRI SWARUPA SUPER SPECIALITY HOSPITAL,26594.0,26-Jul-22,643
29-Jul-22,GSTSAL/159,Sanjeevi Hospital,1997.0,29-Jul-22,640
1-Aug-22,4,SURGIMADE,14425.0,1-Aug-22,637
5-Aug-22,GSTSAL/830,R V R HOSPITALS PRIVATE LIMITED,0.5,5-Aug-22,633
9-Aug-22,GSTSAL/846,Seshadri Super Speciality Hospital,23600.0,9-Aug-22,629
10-Aug-22,GSTSAL/862,APOLLO HOSPITALS ENTERPRISE LIMITED,18469.0,10-Aug-22,628
17-Aug-22,GSTSAL/902,SAGAR DURGA HOSPITAL,6938.0,17-Aug-22,621
22-Aug-22,GSTSAL/932,SAGAR DURGA HOSPITAL,12704.0,22-Aug-22,616
26-Aug-22,GSTSAL/969,AKSHARA HOSPITAL,20199.7,26-Aug-22,612
27-Aug-22,GSTSAL/982,SRI BHUVANTEJ ENTERPRISES,3689.0,27-Aug-22,611
30-Aug-22,GSTSAL/994,AKSHARA HOSPITAL,2800.0,30-Aug-22,608
6-Sep-22,GSTSAL/1039,SRAVANI HOSPITAL,56875.0,6-Sep-22,601
8-Sep-22,GSTSAL/1050,SRAVANI HOSPITAL,56875.0,8-Sep-22,599
9-Sep-22,GSTSAL/1064,SAGAR DURGA HOSPITAL,3671.0,9-Sep-22,598
12-Sep-22,GSTSAL/1084,A.R.SURGICALS,6056.0,12-Sep-22,595
12-Sep-22,GSTSAL/1089,INCOR HOSPITALS VIZAG PRIVATE LIMITED,42625.0,12-Sep-22,595
12-Sep-22,GSTSAL/1088,PINNAMANENI SIDDARTHA INSTITUTE OF MEDICAL SC,2509.0,12-Sep-22,595
16-Sep-22,GSTSAL/1125,INCOR HOSPITALS VIZAG PRIVATE LIMITED,15225.0,16-Sep-22,591
19-Sep-22,GSTSAL/1139,PINNAMANENI SIDDARTHA INSTITUTE OF MEDICAL SC,3491.0,19-Sep-22,588
23-Sep-22,GSTSAL/1164,PINNAMANENI SIDDARTHA INSTITUTE OF MEDICAL SC,6000.0,23-Sep-22,584
28-Sep-22,GSTSAL/1189,MEDICOVER PHARMACY,23048.0,28-Sep-22,579
29-Sep-22,GSTSAL/1196,PINNAMANENI SIDDARTHA INSTITUTE OF MEDICAL SC,5000.0,29-Sep-22,578
1-Oct-22,GSTSAL/1214,A.R.SURGICALS,16000.0,1-Oct-22,576
1-Oct-22,1209,TRUST PHARMACEUTICALS,54754.0,1-Oct-22,576
6-Oct-22,GSTSAL/1230,L G MEDICAL SPECIALITIES,3000.0,6-Oct-22,571
11-Oct-22,GSTSAL/1257,"SHREYA''''S ORTHO, SKIN MULTISPECIALITY HOSPITAL",12000.0,11-Oct-22,566
17-Oct-22,GSTSAL/1302,EVR HEALTH CARE PHARMACY,46997.0,17-Oct-22,560
19-Oct-22,GSTSAL/1316,A.R.SURGICALS,3791.0,19-Oct-22,558
21-Oct-22,GSTSAL/1332,A J SURGICALS,7500.0,21-Oct-22,556
28-Oct-22,GSTSAL/1373,TIME HOSPITALS PVT LIMITED,125101.0,28-Oct-22,549
29-Oct-22,GSTSAL/1380,A J SURGICALS,5513.0,29-Oct-22,548
31-Oct-22,GSTSAL/1388,A J SURGICALS,3545.0,31-Oct-22,546
31-Oct-22,GSTSAL/1389,AKSHARA HOSPITAL,1.0,31-Oct-22,546
7-Nov-22,GSTSAL/1420,SANJIVI HOSPITALS,18814.1,7-Nov-22,539
8-Nov-22,GSTSAL/1424,KMR PHARMACY,85000.0,8-Nov-22,538
11-Nov-22,GSTSAL/1440,SRAVANI HOSPITAL,58000.0,11-Nov-22,535
16-Nov-22,GSTSAL/1457,A.R.SURGICALS,2594.0,16-Nov-22,530
16-Nov-22,1459,TRUST PHARMACEUTICALS,50361.0,16-Nov-22,530
17-Nov-22,GSTSAL/1464,M/S CHANDRA PHARMACEUTICALS DISTRIBUTORS,66150.0,17-Nov-22,529
19-Nov-22,GSTSAL/1484,INCOR HOSPITALS VIZAG PRIVATE LIMITED,29453.0,19-Nov-22,527
19-Nov-22,GSTSAL/1483,INCOR HOSPITALS VIZAG PRIVATE LIMITED,26303.0,19-Nov-22,527
21-Nov-22,GSTSAL/1494,INCOR HOSPITALS VIZAG PRIVATE LIMITED,27458.0,21-Nov-22,525
21-Nov-22,GSTSAL/1492,RAJA ORTHOPAEDIC HOSPITAL,21000.0,21-Nov-22,525
26-Nov-22,GSTSAL/1523,BIRRD TRUST HOSPITAL,529.0,26-Nov-22,520
29-Nov-22,1539,TRUST PHARMACEUTICALS,26097.0,29-Nov-22,517
30-Nov-22,GSTSAL/1544,INCOR HOSPITALS VIZAG PRIVATE LIMITED,29154.0,30-Nov-22,516
3-Dec-22,GSTSAL/1565,SRAVANI HOSPITAL,58000.0,3-Dec-22,513
5-Dec-22,GSTSAL/1567,BISHAK PHARMA PRIVATE LIMITED,19000.0,5-Dec-22,511
7-Dec-22,GSTSAL/1592,KUNDA HOSPITALS,20000.0,7-Dec-22,509
10-Dec-22,GSTSAL/1611,VARUNI SURGICALS,6000.0,10-Dec-22,506
12-Dec-22,GSTSAL/1623,MYTHREE MEDICAL SERVICES LLP,4.0,12-Dec-22,504
18-Dec-22,GSTSAL/1665,RAJA ORTHOPAEDIC HOSPITAL,12000.0,18-Dec-22,498
19-Dec-22,GSTSAL/1669,QUALITY CARE INDIA LIMITED,6028.0,19-Dec-22,497
20-Dec-22,GSTSAL/1676,A J SURGICALS,5000.0,20-Dec-22,496
20-Dec-22,GSTSAL/1673,QUALITY CARE INDIA LIMITED,5130.0,20-Dec-22,496
22-Dec-22,GSTSAL/1687,A J SURGICALS,17000.0,22-Dec-22,494
26-Dec-22,GSTSAL/1710,INCOR HOSPITALS VIZAG PRIVATE LIMITED,2931.0,26-Dec-22,490
26-Dec-22,GSTSAL/1704,KUNDA HOSPITALS,20000.0,26-Dec-22,490
26-Dec-22,GSTSAL/1707,SENTHINI HOSPITALS,4276.0,26-Dec-22,490
27-Dec-22,GSTSAL/1714,QUALITY CARE INDIA LIMITED,22373.0,27-Dec-22,489
30-Dec-22,GSTSAL/1742,INCOR HOSPITALS VIZAG PRIVATE LIMITED,29154.0,30-Dec-22,486
30-Dec-22,GSTSAL/1738,VARUNI SURGICALS,6000.0,30-Dec-22,486
31-Dec-22,GSTSAL/1749,A.R.SURGICALS,2352.0,31-Dec-22,485
3-Jan-23,GSTSAL/1761,QUALITY CARE INDIA LIMITED,30125.0,3-Jan-23,482
7-Jan-23,GSTSAL/1768,VARUNI SURGICALS,2000.0,7-Jan-23,478
9-Jan-23,GSTSAL/1788,KRISHNA INSTITUTE OF MEDICAL SCIENCES LTD NELLORE,840.0,9-Jan-23,476
9-Jan-23,1782,TRUST PHARMACEUTICALS,17212.0,9-Jan-23,476
11-Jan-23,GSTSAL/1799,KUNDA HOSPITALS,20000.0,11-Jan-23,474
12-Jan-23,GSTSAL/1807,AAYUSH NRI LEPL HEALTHCARE PRIVATE LIMITED,24137.0,12-Jan-23,473
13-Jan-23,GSTSAL/1817,KUNDA HOSPITALS,20000.0,13-Jan-23,472
13-Jan-23,GSTSAL/1814,SURYA HOSPITAL (KADAPA),36000.0,13-Jan-23,472
16-Jan-23,1825,TRUST PHARMACEUTICALS,26696.0,16-Jan-23,469
18-Jan-23,GSTSAL/1836,INCOR HOSPITALS VIZAG PRIVATE LIMITED,27930.0,18-Jan-23,467
18-Jan-23,1833,TRUST PHARMACEUTICALS,25095.0,18-Jan-23,467
19-Jan-23,GSTSAL/1841,DR.SAI KRISHNA MS(ORTHO),3800.0,19-Jan-23,466
19-Jan-23,GSTSAL/1842,"SHREYA''''S ORTHO, SKIN MULTISPECIALITY HOSPITAL",8000.0,19-Jan-23,466
20-Jan-23,GSTSAL/1843,AAYUSH NRI LEPL HEALTHCARE PRIVATE LIMITED,35000.0,20-Jan-23,465
21-Jan-23,GSTSAL/1850,A J SURGICALS,2982.0,21-Jan-23,464
28-Jan-23,GSTSAL/1883,INCOR HOSPITALS VIZAG PRIVATE LIMITED,32025.0,28-Jan-23,457
28-Jan-23,GSTSAL/1888,QUEENS NRI HOSPITALS,26796.0,28-Jan-23,457
28-Jan-23,GSTSAL/1884,QUEENS NRI HOSPITALS,95393.0,28-Jan-23,457
31-Jan-23,GSTSAL/1898,AAYUSH NRI LEPL HEALTHCARE PRIVATE LIMITED,28613.0,31-Jan-23,454
31-Jan-23,GSTSAL/1902,BIRRD TRUST HOSPITAL,712.0,31-Jan-23,454
1-Feb-23,GSTSAL/1904,A J SURGICALS,6274.0,1-Feb-23,453
1-Feb-23,GSTSAL/1903,MANIPAL OT PHARMACY,15499.4,1-Feb-23,453
1-Feb-23,GSTSAL/1908,VARUNI SURGICALS,6000.0,1-Feb-23,453
2-Feb-23,1913,TRUST PHARMACEUTICALS,36002.0,2-Feb-23,452
6-Feb-23,GSTSAL/1929,KUNDA HOSPITALS,20000.0,6-Feb-23,448
7-Feb-23,GSTSAL/1932,KUNDA HOSPITALS,20000.0,7-Feb-23,447
7-Feb-23,1931,TRUST PHARMACEUTICALS,52992.0,7-Feb-23,447
8-Feb-23,GSTSAL/1944,MISO HEALTHCARE PRIVATE LIMITED,1800.0,8-Feb-23,446
15-Feb-23,GSTSAL/1969,INODAYA HOSPITAL,36500.0,15-Feb-23,439
16-Feb-23,R322601631,STRYKER INDIA PVT LIMITED,3.83,2-Apr-23,393
17-Feb-23,GSTSAL/1982,INCOR HOSPITALS VIZAG PRIVATE LIMITED,20160.0,17-Feb-23,437
20-Feb-23,GSTSAL/2005,KANUMURI PHARMACY,1.0,20-Feb-23,434
21-Feb-23,GSTSAL/2006,RAJA ORTHOPAEDIC HOSPITAL,25000.0,21-Feb-23,433
21-Feb-23,GSTSAL/2008,R.S.ENTERPRISES(BANGALORE)PVT. LTD,31029.66,21-Feb-23,433
22-Feb-23,GSTSAL/2023,A J SURGICALS,168.0,22-Feb-23,432
22-Feb-23,GSTSAL/2014,A.R.SURGICALS,3500.0,22-Feb-23,432
22-Feb-23,GSTSAL/2015,A.R.SURGICALS,2846.0,22-Feb-23,432
22-Feb-23,GSTSAL/2013,LIFE CARE SURGICALS,3885.0,22-Feb-23,432
23-Feb-23,GSTSAL/2034,BIRRD TRUST HOSPITAL,529.0,23-Feb-23,431
28-Feb-23,2059,PINNAMANENI SIDDARTHA INSTITUTE OF MEDICAL SC,5000.0,28-Feb-23,426
3-Mar-23,GSTSAL/2075,SAGAR DURGA HOSPITAL,500.0,3-Mar-23,423
3-Mar-23,GSTSAL/2080,TIME HOSPITALS PVT LIMITED,8400.0,3-Mar-23,423
6-Mar-23,GSTSAL/2102,A J SURGICALS,1260.0,6-Mar-23,420
6-Mar-23,GSTSAL/2096,TIME HOSPITALS PVT LIMITED,4200.0,6-Mar-23,420
8-Mar-23,GSTSAL/2113,R V R HOSPITALS PRIVATE LIMITED,2200000.0,8-Mar-23,418
10-Mar-23,GSTSAL/2126,SRI ANU HOSPITALS PRIVATE LIMITED,28003.0,10-Mar-23,416
10-Mar-23,GSTSAL/2133,SRI BHUVANTEJ ENTERPRISES,780.0,10-Mar-23,416
13-Mar-23,GSTSAL/2139,MIMSMEDICALS2 SRI RAMA EDUCATIONAL TRUST,50882.0,13-Mar-23,413
14-Mar-23,GSTSAL/2144,AAYUSH NRI LEPL HEALTHCARE PRIVATE LIMITED,11731.0,14-Mar-23,412
14-Mar-23,GSTSAL/2143,AAYUSH NRI LEPL HEALTHCARE PRIVATE LIMITED,29216.0,14-Mar-23,412
14-Mar-23,GSTSAL/2146,QUEENS NRI HOSPITALS,47250.0,14-Mar-23,412
15-Mar-23,GSTSAL/2160,A-1 SERVICES,8500.0,15-Mar-23,411
16-Mar-23,GSTSAL/2167,AMARA PHARMACY,2410.0,16-Mar-23,410
18-Mar-23,GSTSAL/2179,LIFE CARE SURGICALS,17359.0,18-Mar-23,408
18-Mar-23,GSTSAL/2184,SWETHA PHARMACY,82000.0,18-Mar-23,408
20-Mar-23,GSTSAL/2194,AAYUSH NRI LEPL HEALTHCARE PRIVATE LIMITED,28613.0,20-Mar-23,406
20-Mar-23,GSTSAL/2195,AAYUSH NRI LEPL HEALTHCARE PRIVATE LIMITED,61850.0,20-Mar-23,406
20-Mar-23,GSTSAL/2193,SANGHAMITHRA HOSPITALS PRIVATE LIMITED,40530.0,20-Mar-23,406
23-Mar-23,GSTSAL/2208,MIMSMEDICALS2 SRI RAMA EDUCATIONAL TRUST,50882.0,23-Mar-23,403
23-Mar-23,GSTSAL/2210,SWETHA PHARMACY,117100.0,23-Mar-23,403
24-Mar-23,GSTSAL/2216,QUALITY CARE INDIA LIMITED,1.0,24-Mar-23,402
25-Mar-23,GSTSAL/2222,LIKITHA HOSPITALS,31322.0,25-Mar-23,401
25-Mar-23,GSTSAL/2219,NANDAN HOSPITALS,90000.0,25-Mar-23,401
27-Mar-23,GSTSAL/2238,RSV SURGICALS AND MEDICALS,5175.0,27-Mar-23,399
28-Mar-23,GSTSAL/2247,A.R.SURGICALS,4000.0,28-Mar-23,398
28-Mar-23,GSTSAL/2243,VARUNI SURGICALS,7000.0,28-Mar-23,398
29-Mar-23,GSTSAL/2253,MIMSMEDICALS2 SRI RAMA EDUCATIONAL TRUST,50882.0,29-Mar-23,397
29-Mar-23,GSTSAL/2254,SANKALPA HOSPITAL(GUNTUR),94.0,29-Mar-23,397
30-Mar-23,GSTSAL/2259,A.R.SURGICALS,4373.0,30-Mar-23,396
31-Mar-23,GSTSAL/2267,ROOPA ORTHOPAEDIC & MULTI SPECIALITY HOSPITAL,8500.0,31-Mar-23,395
1-Apr-23,GSTSAL/2,SRAVANI HOSPITAL,60600.0,1-Apr-23,394
1-Apr-23,12,SURYA GLOBAL HOSPITALS PRIVATE LIMITED,10974.0,1-Apr-23,394
3-Apr-23,329,ASHOKA SURGICAL WORK,8626.0,3-Apr-23,392
5-Apr-23,GSTSAL/21,MIMSMEDICALS2 SRI RAMA EDUCATIONAL TRUST,68885.0,5-Apr-23,390
8-Apr-23,GSTSAL/39,SRI RAVI HOSPITALS,600.0,8-Apr-23,387
10-Apr-23,GSTSAL/53,MEDICOVER PHARMACY,32000.0,10-Apr-23,385
10-Apr-23,GSTSAL/46,"SHREYA''''S ORTHO, SKIN MULTISPECIALITY HOSPITAL",415.0,10-Apr-23,385
11-Apr-23,GSTSAL/56,NANDAN HOSPITALS,69510.0,11-Apr-23,384
12-Apr-23,GSTSAL/68,A.R.SURGICALS,2258.0,12-Apr-23,383
12-Apr-23,RI23600879,STRYKER INDIA PVT LIMITED,2112.24,27-May-23,338
13-Apr-23,GSTSAL/74,TIME HOSPITALS PVT LIMITED,63910.0,13-Apr-23,382
15-Apr-23,GSTSAL/82,MEDICOVER PHARMACY,1.53,15-Apr-23,380
15-Apr-23,GSTSAL/85,SRAVANI HOSPITAL,62551.0,15-Apr-23,380
15-Apr-23,GSTSAL/86,SRAVANI HOSPITAL,62551.0,15-Apr-23,380
17-Apr-23,GSTSAL/96,SRI SWARUPA SUPER SPECIALITY HOSPITAL,2100.0,17-Apr-23,378
18-Apr-23,GSTSAL/110,A.R.SURGICALS,3507.0,18-Apr-23,377
24-Apr-23,GSTSAL/134,SRI ANU HOSPITALS PRIVATE LIMITED,63910.0,24-Apr-23,371
25-Apr-23,GSTSAL/143,SRI ANU HOSPITALS PRIVATE LIMITED,46997.0,25-Apr-23,370
26-Apr-23,GSTSAL/151,A J SURGICALS,2000.0,26-Apr-23,369
26-Apr-23,GSTSAL/152,VARUNI SURGICALS,2345.0,26-Apr-23,369
27-Apr-23,GSTSAL/162,VARUNI SURGICALS,3500.0,27-Apr-23,368
30-Apr-23,GSTSAL/480,SAI GODAVARI MEDICALS,13550.0,30-Apr-23,365
1-May-23,GSTSAL/185,INCOR HOSPITALS VIZAG PRIVATE LIMITED,33117.0,1-May-23,364
2-May-23,GSTSAL/196,BISHAK PHARMA PRIVATE LIMITED,26687.0,2-May-23,363
3-May-23,GSTSAL/204,INCOR HOSPITALS VIZAG PRIVATE LIMITED,1642.0,3-May-23,362
8-May-23,GSTSAL/236,MISO HEALTHCARE PRIVATE LIMITED,27351.0,8-May-23,357
9-May-23,GSTSAL/253,A.R.SURGICALS,1901.0,9-May-23,356
9-May-23,GSTSAL/250,MISO HEALTHCARE PRIVATE LIMITED,19600.0,9-May-23,356
10-May-23,GSTSAL/255,TIME HOSPITALS PVT LIMITED,127821.0,10-May-23,355
13-May-23,GSTSAL/278,SURYA HOSPITAL (KADAPA),41082.0,13-May-23,352
15-May-23,GSTSAL/288,DELTA PHARMACY(CENTRAL STORE),1.0,15-May-23,350
16-May-23,GSTSAL/289,MISO HEALTHCARE PRIVATE LIMITED,93994.0,16-May-23,349
16-May-23,GSTSAL/291,MISO HEALTHCARE PRIVATE LIMITED,19600.0,16-May-23,349
16-May-23,GSTSAL/293,MISO HEALTHCARE PRIVATE LIMITED,72500.0,16-May-23,349
16-May-23,GSTSAL/295,M/S CHANDRA PHARMACEUTICALS DISTRIBUTORS,36691.0,16-May-23,349
17-May-23,GSTSAL/298,MISO HEALTHCARE PRIVATE LIMITED,82996.0,17-May-23,348
18-May-23,GSTSAL/317,A J SURGICALS,9210.0,18-May-23,347
18-May-23,GSTSAL/306,MISO HEALTHCARE PRIVATE LIMITED,111063.0,18-May-23,347
18-May-23,GSTSAL/307,MISO HEALTHCARE PRIVATE LIMITED,19600.0,18-May-23,347
18-May-23,GSTSAL/313,RSV SURGICALS AND MEDICALS,2600.0,18-May-23,347
19-May-23,GSTSAL/325,A.R.SURGICALS,22575.0,19-May-23,346
19-May-23,GSTSAL/320,MISO HEALTHCARE PRIVATE LIMITED,82996.0,19-May-23,346
19-May-23,GSTSAL/321,MISO HEALTHCARE PRIVATE LIMITED,93994.0,19-May-23,346
20-May-23,GSTSAL/328,SRAVANI HOSPITAL,60600.0,20-May-23,345
22-May-23,GSTSAL/334,SAILAJA HOSPITAL (CASH),4500.0,22-May-23,343
22-May-23,GSTSAL/333,VARUNI SURGICALS,410.0,22-May-23,343
26-May-23,GSTSAL/359,MISO HEALTHCARE PRIVATE LIMITED,50000.0,26-May-23,339
26-May-23,GSTSAL/360,SRAVANI HOSPITAL (CASH),51000.0,26-May-23,339
27-May-23,GSTSAL/374,BISHAK PHARMA PRIVATE LIMITED,20066.0,27-May-23,338
27-May-23,GSTSAL/375,MISO HEALTHCARE PRIVATE LIMITED,33600.0,27-May-23,338
29-May-23,GSTSAL/390,SRAVANI HOSPITAL,62551.0,29-May-23,336
30-May-23,GSTSAL/394,BISHAK PHARMA PRIVATE LIMITED,6006.0,30-May-23,335
30-May-23,GSTSAL/396,TRUST PHARMACEUTICALS,1.0,30-May-23,335
31-May-23,GSTSAL/400,MUGU SIVA,4000.0,31-May-23,334
3-Jun-23,GSTSAL/421,APOLLO HOSPITALS HEALTH CITY,1.0,3-Jun-23,331
5-Jun-23,GSTSAL/426,KUNDA HOSPITALS,11648.0,5-Jun-23,329
6-Jun-23,GSTSAL/438,MISO HEALTHCARE PRIVATE LIMITED,12600.0,6-Jun-23,328
7-Jun-23,GSTSAL/447,(CASH)All India Institute of Medical Sciences(AIIMS,63500.0,7-Jun-23,327
7-Jun-23,GSTSAL/445,DR RAMESH CARDIAC AND MULTISPECIALITY HOSPITAL PVT LTD,0.5,7-Jun-23,327
7-Jun-23,GSTSAL/448,MANIPAL OT PHARMACY,0.32,7-Jun-23,327
7-Jun-23,GSTSAL/446,MISO HEALTHCARE PRIVATE LIMITED,22680.0,7-Jun-23,327
8-Jun-23,GSTSAL/454,MISO HEALTHCARE PRIVATE LIMITED,19600.0,8-Jun-23,326
8-Jun-23,GSTSAL/455,MISO HEALTHCARE PRIVATE LIMITED,2800.0,8-Jun-23,326
8-Jun-23,GSTSAL/457,R V R HOSPITALS PRIVATE LIMITED,35550.0,8-Jun-23,326
8-Jun-23,GSTSAL/458,R V R HOSPITALS PRIVATE LIMITED,16145.0,8-Jun-23,326
9-Jun-23,GSTSAL/459,R V R HOSPITALS PRIVATE LIMITED,53045.0,9-Jun-23,325
10-Jun-23,GSTSAL/469,MISO HEALTHCARE PRIVATE LIMITED,6500.0,10-Jun-23,324
12-Jun-23,GSTSAL/484,BISHAK PHARMA PRIVATE LIMITED,16000.0,12-Jun-23,322
12-Jun-23,GSTSAL/479,CHIRANJEEVI HOSPITAL,14818.0,12-Jun-23,322
13-Jun-23,GSTSAL/487,A.R.SURGICALS,3780.0,13-Jun-23,321
14-Jun-23,GSTSAL/495,BISHAK PHARMA PRIVATE LIMITED,32000.0,14-Jun-23,320
14-Jun-23,GSTSAL/492,MISO HEALTHCARE PRIVATE LIMITED,14000.0,14-Jun-23,320
15-Jun-23,GSTSAL/502,KUNDA HOSPITALS,14000.0,15-Jun-23,319
15-Jun-23,GSTSAL/509,SURYA HOSPITAL (KADAPA),2415.0,15-Jun-23,319
16-Jun-23,GSTSAL/512,MISO HEALTHCARE PRIVATE LIMITED,16500.0,16-Jun-23,318
16-Jun-23,GSTSAL/513,MISO HEALTHCARE PRIVATE LIMITED,35000.0,16-Jun-23,318
16-Jun-23,GSTSAL/514,MISO HEALTHCARE PRIVATE LIMITED,10000.0,16-Jun-23,318
16-Jun-23,RI23607272,STRYKER INDIA PVT LIMITED,68409.54,31-Jul-23,273
17-Jun-23,GSTSAL/521,BISHAK PHARMA PRIVATE LIMITED,26675.0,17-Jun-23,317
17-Jun-23,GSTSAL/525,MISO HEALTHCARE PRIVATE LIMITED,98600.0,17-Jun-23,317
17-Jun-23,GSTSAL/528,RSV SURGICALS AND MEDICALS,168.0,17-Jun-23,317
19-Jun-23,GSTSAL/532,M/S CHANDRA PHARMACEUTICALS DISTRIBUTORS,92816.0,19-Jun-23,315
19-Jun-23,GSTSAL/534,SRAVANI HOSPITAL,58000.0,19-Jun-23,315
19-Jun-23,GSTSAL/536,SRAVANI HOSPITAL,62551.0,19-Jun-23,315
20-Jun-23,GSTSAL/548,M/S CHANDRA PHARMACEUTICALS DISTRIBUTORS,34620.0,20-Jun-23,314
21-Jun-23,GSTSAL/558,KUNDA HOSPITALS,72960.0,21-Jun-23,313
23-Jun-23,GSTSAL/575,S.MAHESWARI,64042.24,23-Jun-23,311
24-Jun-23,GSTSAL/580,SRAVANI HOSPITAL,62551.0,24-Jun-23,310
26-Jun-23,GSTSAL/586,SENTHINI HOSPITALS,31360.0,26-Jun-23,308
27-Jun-23,GSTSAL/593,MISO HEALTHCARE PRIVATE LIMITED,25200.0,27-Jun-23,307
28-Jun-23,GSTSAL/605,AMARA PHARMACY,9.0,28-Jun-23,306
29-Jun-23,GSTSAL/611,KRISHNA INSTITUTE OF MEDICAL SCIENCES LTD NELLORE,2.0,29-Jun-23,305
29-Jun-23,GSTSAL/609,KUNDA HOSPITALS,44000.0,29-Jun-23,305
1-Jul-23,GSTSAL/625,MISO HEALTHCARE PRIVATE LIMITED,14000.0,1-Jul-23,303
1-Jul-23,GSTSAL/627,MISO HEALTHCARE PRIVATE LIMITED,2500.0,1-Jul-23,303
4-Jul-23,GSTSAL/638,MANIPAL OT PHARMACY,0.5,4-Jul-23,300
4-Jul-23,GSTSAL/641,MISO HEALTHCARE PRIVATE LIMITED,13000.0,4-Jul-23,300
4-Jul-23,GSTSAL/642,MISO HEALTHCARE PRIVATE LIMITED,4000.0,4-Jul-23,300
4-Jul-23,GSTSAL/643,MISO HEALTHCARE PRIVATE LIMITED,1943.0,4-Jul-23,300
4-Jul-23,GSTSAL/648,ROOPA ORTHOPAEDIC & MULTI SPECIALITY HOSPITAL,24000.0,4-Jul-23,300
4-Jul-23,GSTSAL/637,SRAVANI HOSPITAL,58000.0,4-Jul-23,300
4-Jul-23,GSTSAL/640,SRI BHUVANTEJ ENTERPRISES,2239.0,4-Jul-23,300
4-Jul-23,GSTSAL/644,TULASI MULTISPECIALITY HOSPITALS,4023.0,4-Jul-23,300
6-Jul-23,GSTSAL/655,MISO HEALTHCARE PRIVATE LIMITED,19600.0,6-Jul-23,298
7-Jul-23,GSTSAL/672,(CASH)SAI SPURTHI MULTI SPECIALITY HOSPITAL,7000.0,7-Jul-23,297
7-Jul-23,GSTSAL/666,SRI ANU HOSPITALS PRIVATE LIMITED,32000.0,7-Jul-23,297
8-Jul-23,GSTSAL/674,BISHAK PHARMA PRIVATE LIMITED,26675.0,8-Jul-23,296
10-Jul-23,GSTSAL/682,MISO HEALTHCARE PRIVATE LIMITED,1500.0,10-Jul-23,294
11-Jul-23,GSTSAL/685,LIFE CARE SURGICALS,1213.0,11-Jul-23,293
13-Jul-23,GSTSAL/702,KUNDA HOSPITALS,135591.0,13-Jul-23,291
13-Jul-23,GSTSAL/703,SWASTATA AGENCIES,6500.0,13-Jul-23,291
14-Jul-23,GSTSAL/711,INODAYA HOSPITAL,15000.0,14-Jul-23,290
15-Jul-23,GSTSAL/714,BISHAK PHARMA PRIVATE LIMITED,117460.0,15-Jul-23,289
15-Jul-23,GSTSAL/718,EXCEL HEALTHCARE,49933.0,15-Jul-23,289
17-Jul-23,GSTSAL/727,KANUMURI PHARMACY(CASH BILLS),22000.0,17-Jul-23,287
18-Jul-23,GSTSAL/732,MISO HEALTHCARE PRIVATE LIMITED,10800.0,18-Jul-23,286
19-Jul-23,GSTSAL/743,VARUNI SURGICALS,410.0,19-Jul-23,285
20-Jul-23,GSTSAL/745,MISO HEALTHCARE PRIVATE LIMITED,2342.0,20-Jul-23,284
20-Jul-23,GSTSAL/746,MISO HEALTHCARE PRIVATE LIMITED,3675.0,20-Jul-23,284
21-Jul-23,GSTSAL/754,KUNDA HOSPITALS,4500.0,21-Jul-23,283
22-Jul-23,GSTSAL/761,DVC PHARMACY(a unit of sdvc memorial trust),10000.0,22-Jul-23,282
22-Jul-23,GSTSAL/766,TULASI MULTISPECIALITY HOSPITALS,116799.0,22-Jul-23,282
23-Jul-23,GSTSAL/769,SRAVANI HOSPITAL,66436.0,23-Jul-23,281
24-Jul-23,GSTSAL/778,RSV SURGICALS AND MEDICALS,7543.0,24-Jul-23,280
26-Jul-23,GSTSAL/789,MISO HEALTHCARE PRIVATE LIMITED,5187.0,26-Jul-23,278
26-Jul-23,GSTSAL/790,MISO HEALTHCARE PRIVATE LIMITED,672.0,26-Jul-23,278
26-Jul-23,GSTSAL/791,MISO HEALTHCARE PRIVATE LIMITED,4536.0,26-Jul-23,278
26-Jul-23,GSTSAL/792,MISO HEALTHCARE PRIVATE LIMITED,3549.0,26-Jul-23,278
26-Jul-23,GSTSAL/793,MISO HEALTHCARE PRIVATE LIMITED,5355.0,26-Jul-23,278
26-Jul-23,GSTSAL/794,MISO HEALTHCARE PRIVATE LIMITED,13650.0,26-Jul-23,278
27-Jul-23,GSTSAL/798,AAYUSHMAN HOSPITAL,14000.0,27-Jul-23,277
27-Jul-23,GSTSAL/803,BISHAK PHARMA PRIVATE LIMITED,26675.0,27-Jul-23,277
27-Jul-23,GSTSAL/807,RSV SURGICALS AND MEDICALS,14274.0,27-Jul-23,277
27-Jul-23,GSTSAL/806,TULASI MULTISPECIALITY HOSPITALS,27500.0,27-Jul-23,277
29-Jul-23,GSTSAL/820,I.N.H.S. KALYANI HOSPITAL,40950.0,29-Jul-23,275
1-Aug-23,GSTSAL/836,MISO HEALTHCARE PRIVATE LIMITED,79601.0,1-Aug-23,272
2-Aug-23,GSTSAL/841,MISO HEALTHCARE PRIVATE LIMITED,4746.0,2-Aug-23,271
2-Aug-23,GSTSAL/846,SRAVANI HOSPITAL,2.0,2-Aug-23,271
3-Aug-23,GSTSAL/848,QUALITY CARE INDIA LIMITED,1.0,3-Aug-23,270
5-Aug-23,GSTSAL/862,MISO HEALTHCARE PRIVATE LIMITED,10000.0,5-Aug-23,268
5-Aug-23,GSTSAL/860,SRI ANU HOSPITALS PRIVATE LIMITED,48000.0,5-Aug-23,268
7-Aug-23,GSTSAL/869,MISO HEALTHCARE PRIVATE LIMITED,2646.0,7-Aug-23,266
7-Aug-23,GSTSAL/870,MISO HEALTHCARE PRIVATE LIMITED,8747.0,7-Aug-23,266
7-Aug-23,GSTSAL/871,UNITY HOSPITALS,112550.0,7-Aug-23,266
8-Aug-23,GSTSAL/878,INODAYA HOSPITAL,8000.0,8-Aug-23,265
8-Aug-23,GSTSAL/875,MISO HEALTHCARE PRIVATE LIMITED,2835.0,8-Aug-23,265
11-Aug-23,GSTSAL/902,MISO HEALTHCARE PRIVATE LIMITED,1800.0,11-Aug-23,262
11-Aug-23,GSTSAL/904,SWASTATA AGENCIES,109500.0,11-Aug-23,262
11-Aug-23,GSTSAL/903,UNITY HOSPITALS,25300.0,11-Aug-23,262
14-Aug-23,GSTSAL/922,.R.RATHAIAH,12065.0,14-Aug-23,259
14-Aug-23,GSTSAL/921,UNITY HOSPITALS,24000.0,14-Aug-23,259
16-Aug-23,GSTSAL/936,MISO HEALTHCARE PRIVATE LIMITED,59600.0,16-Aug-23,257
16-Aug-23,GSTSAL/937,MISO HEALTHCARE PRIVATE LIMITED,19600.0,16-Aug-23,257
17-Aug-23,GSTSAL/951,A.R.SURGICALS,4000.0,17-Aug-23,256
17-Aug-23,GSTSAL/949,MISO HEALTHCARE PRIVATE LIMITED,4950.0,17-Aug-23,256
17-Aug-23,GSTSAL/950,MISO HEALTHCARE PRIVATE LIMITED,13755.0,17-Aug-23,256
17-Aug-23,GSTSAL/952,MISO HEALTHCARE PRIVATE LIMITED,3675.0,17-Aug-23,256
17-Aug-23,GSTSAL/953,SVS FACILITY MANAGEMENT SERVICES PRIVATE LIMITED,6843.0,17-Aug-23,256
18-Aug-23,GSTSAL/961,BISHAK PHARMA PRIVATE LIMITED,115518.0,18-Aug-23,255
18-Aug-23,GSTSAL/954,MISO HEALTHCARE PRIVATE LIMITED,1701.0,18-Aug-23,255
18-Aug-23,GSTSAL/955,MISO HEALTHCARE PRIVATE LIMITED,5282.0,18-Aug-23,255
18-Aug-23,GSTSAL/956,MISO HEALTHCARE PRIVATE LIMITED,1800.0,18-Aug-23,255
18-Aug-23,GSTSAL/963,SREE PRATHIMA SUPER SPECIALITY HOSPITAL,5000.0,18-Aug-23,255
18-Aug-23,GSTSAL/957,SVARA KMR HOSPITAL,3864.0,18-Aug-23,255
18-Aug-23,GSTSAL/964,TOPSTARS PHARMACY,11000.0,18-Aug-23,255
18-Aug-23,GSTSAL/965,VARUNI SURGICALS,1995.0,18-Aug-23,255
19-Aug-23,GSTSAL/979,MISO HEALTHCARE PRIVATE LIMITED,1800.0,19-Aug-23,254
19-Aug-23,GSTSAL/975,MISO HEALTHCARE PRIVATE LIMITED,14950.0,19-Aug-23,254
19-Aug-23,GSTSAL/969,NANDAN HOSPITALS,17000.0,19-Aug-23,254
19-Aug-23,GSTSAL/977,SVARA KMR HOSPITAL,2600.0,19-Aug-23,254
19-Aug-23,GSTSAL/978,SVARA KMR HOSPITAL,2000.0,19-Aug-23,254
19-Aug-23,GSTSAL/968,SVS FACILITY MANAGEMENT SERVICES PRIVATE LIMITED,24791.0,19-Aug-23,254
20-Aug-23,GSTSAL/981,INODAYA HOSPITAL,16000.0,20-Aug-23,253
21-Aug-23,GSTSAL/985,KUNDA HOSPITALS,160000.0,21-Aug-23,252
21-Aug-23,GSTSAL/988,SRAVANI HOSPITAL,62551.0,21-Aug-23,252
23-Aug-23,GSTSAL/1002,ANDHRA HOSPITALS(ELURU) PVT LTD,3300.0,23-Aug-23,250
24-Aug-23,GSTSAL/1015,BISHAK PHARMA PRIVATE LIMITED,55949.0,24-Aug-23,249
24-Aug-23,GSTSAL/1014,SURYA HOSPITAL VIZAG,2640.0,24-Aug-23,249
25-Aug-23,GSTSAL/1022,AMARA PHARMACY,2.0,25-Aug-23,248
26-Aug-23,GSTSAL/1032,KUNDA HOSPITALS,22000.0,26-Aug-23,247
26-Aug-23,GSTSAL/1034,MISO HEALTHCARE PRIVATE LIMITED,19600.0,26-Aug-23,247
26-Aug-23,GSTSAL/1035,MISO HEALTHCARE PRIVATE LIMITED,2268.0,26-Aug-23,247
26-Aug-23,GSTSAL/1036,MISO HEALTHCARE PRIVATE LIMITED,7000.0,26-Aug-23,247
26-Aug-23,GSTSAL/1028,SAI BHASKAR MEDICALS,2625.0,26-Aug-23,247
26-Aug-23,GSTSAL/1030,UNITY HOSPITALS,12920.0,26-Aug-23,247
28-Aug-23,GSTSAL/1044,BISHAK PHARMA PRIVATE LIMITED,65002.0,28-Aug-23,245
28-Aug-23,GSTSAL/1047,MISO HEALTHCARE PRIVATE LIMITED,11000.0,28-Aug-23,245
29-Aug-23,GSTSAL/1052,BHIMAVARAM HOSPITALS LIMITED,5318.0,29-Aug-23,244
29-Aug-23,GSTSAL/1050,KRISHNA INSTITUTE OF MEDICAL SCIENCES LTD NELLORE,0.54,29-Aug-23,244
29-Aug-23,GSTSAL/1049,KUNDA HOSPITALS,35000.0,29-Aug-23,244
30-Aug-23,GSTSAL/1054,MISO HEALTHCARE PRIVATE LIMITED,5723.0,30-Aug-23,243
30-Aug-23,GSTSAL/1060,MISO HEALTHCARE PRIVATE LIMITED,79600.0,30-Aug-23,243
31-Aug-23,GSTSAL/1062,A J SURGICALS,61.0,31-Aug-23,242
1-Sep-23,GSTSAL/1066,MISO HEALTHCARE PRIVATE LIMITED,4232.0,1-Sep-23,241
1-Sep-23,GSTSAL/1067,MISO HEALTHCARE PRIVATE LIMITED,2751.0,1-Sep-23,241
2-Sep-23,GSTSAL/1072,A J SURGICALS,630.0,2-Sep-23,240
4-Sep-23,GSTSAL/1081,MISO HEALTHCARE PRIVATE LIMITED,25200.0,4-Sep-23,238
5-Sep-23,GSTSAL/1084,QUALITY CARE INDIA LIMITED,1.0,5-Sep-23,237
6-Sep-23,GSTSAL/1098,BISHAK PHARMA PRIVATE LIMITED,56365.0,6-Sep-23,236
6-Sep-23,GSTSAL/1097,BISHAK PHARMA PRIVATE LIMITED,115518.0,6-Sep-23,236
6-Sep-23,GSTSAL/1086,KUNDA HOSPITALS,20000.0,6-Sep-23,236
6-Sep-23,GSTSAL/1087,KUNDA HOSPITALS,63910.0,6-Sep-23,236
6-Sep-23,GSTSAL/1093,MISO HEALTHCARE PRIVATE LIMITED,14123.0,6-Sep-23,236
6-Sep-23,GSTSAL/1095,MISO HEALTHCARE PRIVATE LIMITED,2709.0,6-Sep-23,236
6-Sep-23,GSTSAL/1096,MISO HEALTHCARE PRIVATE LIMITED,4694.0,6-Sep-23,236
6-Sep-23,GSTSAL/1101,SRI SAI NURSING HOME,50400.0,6-Sep-23,236
7-Sep-23,GSTSAL/1109,BISHAK PHARMA PRIVATE LIMITED,28142.0,7-Sep-23,235
7-Sep-23,GSTSAL/1105,KIMS-ICON CENTRAL PHARMACY STORES,1.0,7-Sep-23,235
8-Sep-23,GSTSAL/1114,MISO HEALTHCARE PRIVATE LIMITED,9435.0,8-Sep-23,234
8-Sep-23,GSTSAL/1116,VARUNI SURGICALS,3280.0,8-Sep-23,234
11-Sep-23,282,ASHOKA SURGICAL WORK,49759.25,11-Sep-23,231
11-Sep-23,302,ASHOKA SURGICAL WORK,41615.2,11-Sep-23,231
12-Sep-23,GSTSAL/1156,"RAMESH HOSPITALS PVT LIMITED, GUNTUR",74519.0,12-Sep-23,230
12-Sep-23,GSTSAL/1155,SVARA KMR HOSPITAL,4589.0,12-Sep-23,230
13-Sep-23,GSTSAL/1162,MISO HEALTHCARE PRIVATE LIMITED,2583.0,13-Sep-23,229
13-Sep-23,GSTSAL/1164,SVS FACILITY MANAGEMENT SERVICES PRIVATE LIMITED,23386.0,13-Sep-23,229
15-Sep-23,GSTSAL/1177,"V.Santosh(C/o: Vr Hospital , Narava)",600.0,15-Sep-23,227
16-Sep-23,GSTSAL/1197,CHIRANJEEVI HOSPITAL,37000.0,16-Sep-23,226
16-Sep-23,GSTSAL/1182,MISO HEALTHCARE PRIVATE LIMITED,2205.0,16-Sep-23,226
16-Sep-23,GSTSAL/1185,MISO HEALTHCARE PRIVATE LIMITED,20000.0,16-Sep-23,226
16-Sep-23,GSTSAL/1183,MISO HEALTHCARE PRIVATE LIMITED,4053.0,16-Sep-23,226
16-Sep-23,GSTSAL/1198,TRINITY MULTISPECIALITY HOSPITAL,48000.0,16-Sep-23,226
19-Sep-23,GSTSAL/1200,MISO HEALTHCARE PRIVATE LIMITED,3843.0,19-Sep-23,223
19-Sep-23,GSTSAL/1207,"RAMESH HOSPITALS PVT LIMITED, GUNTUR",30870.0,27-Oct-23,185
20-Sep-23,GSTSAL/1212,MYTHREE MEDICAL SERVICES LLP,2800.0,20-Sep-23,222
20-Sep-23,GSTSAL/1214,MYTHREE MEDICAL SERVICES LLP,5500.0,20-Sep-23,222
21-Sep-23,GSTSAL/1218,Y.V.SAI BABA,5500.0,21-Sep-23,221
22-Sep-23,GSTSAL/1224,RAMEEZA ORTHOPEDIC CENTRE(CASH BILLS),61000.0,22-Sep-23,220
22-Sep-23,GSTSAL/1228,"RAMESH HOSPITAL PRIVATE LIMITED, Vijayawada",36855.0,22-Sep-23,220
22-Sep-23,GSTSAL/1225,"RAMESH HOSPITALS PVT LIMITED, GUNTUR",30450.0,22-Sep-23,220
23-Sep-23,GSTSAL/1236,BISHAK PHARMA PRIVATE LIMITED,59000.0,23-Sep-23,219
23-Sep-23,GSTSAL/1231,KUNDA HOSPITALS,14112.0,23-Sep-23,219
23-Sep-23,GSTSAL/1238,MM HOSPITAL,55000.0,23-Sep-23,219
23-Sep-23,GSTSAL/1229,SADHANA ORTHOPAEDIC  HOSPITAL NELLORE,44000.0,23-Sep-23,219
25-Sep-23,GSTSAL/1239,MISO HEALTHCARE PRIVATE LIMITED,1050.0,25-Sep-23,217
25-Sep-23,GSTSAL/1242,TOPSTARS PHARMACY,36500.0,25-Sep-23,217
26-Sep-23,GSTSAL/1248,LIFE CARE SURGICALS,4136.0,26-Sep-23,216
26-Sep-23,GSTSAL/1245,MISO HEALTHCARE PRIVATE LIMITED,60000.0,26-Sep-23,216
26-Sep-23,GSTSAL/1247,ORANGE MEDICAL AND HEALTH PVT LTD.,65000.0,26-Sep-23,216
26-Sep-23,GSTSAL/1249,"RAMESH HOSPITALS PVT LIMITED, GUNTUR",19950.0,26-Sep-23,216
27-Sep-23,GSTSAL/1258,MISO HEALTHCARE PRIVATE LIMITED,4148.0,27-Sep-23,215
27-Sep-23,GSTSAL/1261,VARUNI SURGICALS,7000.0,27-Sep-23,215
28-Sep-23,GSTSAL/1273,KRISHNA INSTITUTE OF MEDICAL SCIENCES LTD NELLORE,0.5,28-Sep-23,214
28-Sep-23,GSTSAL/1270,"RAMESH HOSPITALS PVT LIMITED, GUNTUR",30870.0,28-Sep-23,214
29-Sep-23,GSTSAL/1276,DR RAMESH CARDIAC AND MULTISPECIALITY HOSPITAL PVT LTD,51975.0,29-Sep-23,213
29-Sep-23,GSTSAL/1277,MISO HEALTHCARE PRIVATE LIMITED,3276.0,29-Sep-23,213
29-Sep-23,GSTSAL/1280,NAGARJUNA HOSPITALS PRIVATE LIMITED,27300.0,29-Sep-23,213
29-Sep-23,GSTSAL/1275,UNITY HOSPITALS,11678.0,29-Sep-23,213
30-Sep-23,GSTSAL/1289,BISHAK PHARMA PRIVATE LIMITED,4000.0,30-Sep-23,212
30-Sep-23,GSTSAL/1284,"RAMESH HOSPITALS PVT LIMITED, GUNTUR",21000.0,30-Sep-23,212
2-Oct-23,GSTSAL/1290,BE LEAF HOSPITALS,68885.0,2-Oct-23,210
3-Oct-23,GSTSAL/1297,AAYUSH NRI LEPL HEALTHCARE PRIVATE LIMITED,14000.0,3-Oct-23,209
3-Oct-23,GSTSAL/1296,MISO HEALTHCARE PRIVATE LIMITED,10223.0,3-Oct-23,209
3-Oct-23,GSTSAL/1298,MISO HEALTHCARE PRIVATE LIMITED,7350.0,3-Oct-23,209
3-Oct-23,GSTSAL/1299,MISO HEALTHCARE PRIVATE LIMITED,13020.0,3-Oct-23,209
4-Oct-23,GSTSAL/1306,MEDICOVER HOSPITAL (NELLORE),27000.0,4-Oct-23,208
4-Oct-23,GSTSAL/1304,MISO HEALTHCARE PRIVATE LIMITED,2394.0,4-Oct-23,208
5-Oct-23,GSTSAL/1326,INODAYA HOSPITAL,16000.0,5-Oct-23,207
5-Oct-23,GSTSAL/1320,KUNDA HOSPITALS,20000.0,5-Oct-23,207
5-Oct-23,GSTSAL/1321,THE C.M.S,18816.0,5-Oct-23,207
5-Oct-23,GSTSAL/1325,VARUNI SURGICALS,882.0,5-Oct-23,207
6-Oct-23,GSTSAL/1330,AAYUSH NRI LEPL HEALTHCARE PRIVATE LIMITED,28613.0,6-Oct-23,206
7-Oct-23,GSTSAL/1339,AAYUSH NRI LEPL HEALTHCARE PRIVATE LIMITED,44000.0,7-Oct-23,205
7-Oct-23,GSTSAL/1347,DELTA PHARMACY(CENTRAL STORE),34350.0,7-Oct-23,205
7-Oct-23,GSTSAL/1348,DELTA PHARMACY(CENTRAL STORE),28250.0,7-Oct-23,205
7-Oct-23,GSTSAL/1346,DR RAMESH CARDIAC AND MULTISPECIALITY HOSPITAL PVT LTD,29773.0,7-Oct-23,205
7-Oct-23,GSTSAL/1342,LIFE CARE SURGICALS,3280.0,7-Oct-23,205
7-Oct-23,GSTSAL/1340,MISO HEALTHCARE PRIVATE LIMITED,7420.0,7-Oct-23,205
7-Oct-23,GSTSAL/1343,MISO HEALTHCARE PRIVATE LIMITED,15278.0,7-Oct-23,205
7-Oct-23,GSTSAL/1338,SRIJA PHARMACY,12000.0,7-Oct-23,205
7-Oct-23,RM236000592,STRYKER INDIA PVT LIMITED,188763.75,21-Nov-23,160
7-Oct-23,RM23600593,STRYKER INDIA PVT LIMITED,10495.8,21-Nov-23,160
9-Oct-23,GSTSAL/1353,INODAYA HOSPITAL,136500.0,9-Oct-23,203
9-Oct-23,GSTSAL/1356,VARUNI SURGICALS,8496.0,9-Oct-23,203
10-Oct-23,GSTSAL/1362,AAYUSH NRI LEPL HEALTHCARE PRIVATE LIMITED,59040.0,10-Oct-23,202
11-Oct-23,GSTSAL/1371,AAYUSH NRI LEPL HEALTHCARE PRIVATE LIMITED,36912.0,11-Oct-23,201
11-Oct-23,GSTSAL/1372,AAYUSH NRI LEPL HEALTHCARE PRIVATE LIMITED,54353.0,11-Oct-23,201
11-Oct-23,GSTSAL/1374,INODAYA HOSPITAL,41000.0,11-Oct-23,201
11-Oct-23,GSTSAL/1376,KHIMS HOSPITALS,24800.0,11-Oct-23,201
11-Oct-23,GSTSAL/1377,KHIMS HOSPITALS,40800.0,11-Oct-23,201
11-Oct-23,GSTSAL/1378,KHIMS HOSPITALS,40800.0,11-Oct-23,201
11-Oct-23,GSTSAL/1368,SAI BHASKAR MEDICALS,35000.0,11-Oct-23,201
12-Oct-23,GSTSAL/1391,BISHAK PHARMA PRIVATE LIMITED,26687.0,12-Oct-23,200
12-Oct-23,GSTSAL/1387,KUNDA HOSPITALS,103349.0,12-Oct-23,200
12-Oct-23,GSTSAL/1397,MISO HEALTHCARE PRIVATE LIMITED,4389.0,12-Oct-23,200
12-Oct-23,GSTSAL/1398,MISO HEALTHCARE PRIVATE LIMITED,11000.0,12-Oct-23,200
12-Oct-23,GSTSAL/1379,MODUGULA VENU GOPALA REDDY,45000.0,12-Oct-23,200
12-Oct-23,GSTSAL/1385,"RAMESH HOSPITALS PVT LIMITED, GUNTUR",19530.0,12-Oct-23,200
12-Oct-23,GSTSAL/1388,SAI BHASKAR MEDICALS,21750.0,12-Oct-23,200
12-Oct-23,GSTSAL/1392,SAI BHASKAR MEDICALS,5712.0,12-Oct-23,200
12-Oct-23,GSTSAL/1395,SRI BHUVANTEJ ENTERPRISES,2232.0,12-Oct-23,200
13-Oct-23,GSTSAL/1399,AAYUSH NRI LEPL HEALTHCARE PRIVATE LIMITED,28613.0,13-Oct-23,199
13-Oct-23,GSTSAL/1400,AAYUSH NRI LEPL HEALTHCARE PRIVATE LIMITED,38455.0,13-Oct-23,199
13-Oct-23,GSTSAL/1401,AAYUSH NRI LEPL HEALTHCARE PRIVATE LIMITED,20000.0,13-Oct-23,199
13-Oct-23,GSTSAL/1408,HRUSHEET MEDICALS,25177.0,13-Oct-23,199
13-Oct-23,GSTSAL/1402,MISO HEALTHCARE PRIVATE LIMITED,4000.0,13-Oct-23,199
13-Oct-23,GSTSAL/1404,MISO HEALTHCARE PRIVATE LIMITED,3000.0,13-Oct-23,199
13-Oct-23,GSTSAL/1406,MISO HEALTHCARE PRIVATE LIMITED,2489.0,13-Oct-23,199
13-Oct-23,GSTSAL/1407,MISO HEALTHCARE PRIVATE LIMITED,5313.0,13-Oct-23,199
13-Oct-23,GSTSAL/1403,MISO HEALTHCARE PRIVATE LIMITED,2258.0,13-Oct-23,199
14-Oct-23,GSTSAL/1419,HRUSHEET MEDICALS,31401.0,14-Oct-23,198
14-Oct-23,GSTSAL/1417,VARUNI SURGICALS,15021.0,14-Oct-23,198
16-Oct-23,GSTSAL/1430,AAYUSH NRI LEPL HEALTHCARE PRIVATE LIMITED,13900.0,16-Oct-23,196
16-Oct-23,GSTSAL/1429,CHIRANJEEVI HOSPITAL,7110.0,16-Oct-23,196
16-Oct-23,GSTSAL/1431,CHIRANJEEVI HOSPITAL,10450.0,16-Oct-23,196
16-Oct-23,GSTSAL/1432,CHIRANJEEVI HOSPITAL,7271.0,16-Oct-23,196
16-Oct-23,GSTSAL/1425,KUNDA HOSPITALS,127821.0,16-Oct-23,196
16-Oct-23,GSTSAL/1428,RSV SURGICALS AND MEDICALS,2885.0,16-Oct-23,196
17-Oct-23,GSTSAL/1436,M.J.NAIDU SUPER SPECIALITY HOSPITALS,120000.0,17-Oct-23,195
18-Oct-23,GSTSAL/1441,AAYUSH NRI LEPL HEALTHCARE PRIVATE LIMITED,38411.0,18-Oct-23,194
18-Oct-23,GSTSAL/1442,KUNDA HOSPITALS,67795.0,18-Oct-23,194
18-Oct-23,GSTSAL/1443,MISO HEALTHCARE PRIVATE LIMITED,7893.0,18-Oct-23,194
18-Oct-23,GSTSAL/1444,MISO HEALTHCARE PRIVATE LIMITED,1910.0,18-Oct-23,194
18-Oct-23,GSTSAL/1445,MISO HEALTHCARE PRIVATE LIMITED,4000.0,18-Oct-23,194
18-Oct-23,GSTSAL/1446,MISO HEALTHCARE PRIVATE LIMITED,30500.0,18-Oct-23,194
18-Oct-23,GSTSAL/1439,SAI GODAVARI MEDICALS,9452.0,18-Oct-23,194
19-Oct-23,GSTSAL/1451,AAYUSH NRI LEPL HEALTHCARE PRIVATE LIMITED,13000.0,19-Oct-23,193
19-Oct-23,GSTSAL/1452,AAYUSH NRI LEPL HEALTHCARE PRIVATE LIMITED,30000.0,19-Oct-23,193
19-Oct-23,GSTSAL/1450,MYTHREE MEDICAL SERVICES LLP,6300.0,19-Oct-23,193
20-Oct-23,GSTSAL/1455,AAYUSH NRI LEPL HEALTHCARE PRIVATE LIMITED,30000.0,20-Oct-23,192
20-Oct-23,GSTSAL/1462,KHIMS HOSPITALS,40800.0,20-Oct-23,192
20-Oct-23,GSTSAL/1457,NAGARJUNA HOSPITALS PRIVATE LIMITED,24500.0,20-Oct-23,192
21-Oct-23,GSTSAL/1464,AAYUSH NRI LEPL HEALTHCARE PRIVATE LIMITED,27346.0,21-Oct-23,191
21-Oct-23,GSTSAL/1465,AAYUSH NRI LEPL HEALTHCARE PRIVATE LIMITED,3150.0,21-Oct-23,191
21-Oct-23,GSTSAL/1469,BISHAK PHARMA PRIVATE LIMITED,54878.0,21-Oct-23,191
21-Oct-23,GSTSAL/1468,(CASH)All India Institute of Medical Sciences(AIIMS,4100.0,21-Oct-23,191
22-Oct-23,GSTSAL/1471,DELTA PHARMACY(CENTRAL STORE),28250.0,22-Oct-23,190
23-Oct-23,GSTSAL/1472,SRAVANI HOSPITAL,62551.0,23-Oct-23,189
23-Oct-23,GSTSAL/1473,SRAVANI HOSPITAL,62551.0,23-Oct-23,189
25-Oct-23,GSTSAL/1478,AAYUSH NRI LEPL HEALTHCARE PRIVATE LIMITED,28613.0,25-Oct-23,187
25-Oct-23,GSTSAL/1481,AAYUSH NRI LEPL HEALTHCARE PRIVATE LIMITED,10710.0,25-Oct-23,187
25-Oct-23,GSTSAL/1484,DELTA PHARMACY(CENTRAL STORE),17000.0,25-Oct-23,187
25-Oct-23,GSTSAL/1487,KUNDA HOSPITALS,20000.0,25-Oct-23,187
25-Oct-23,GSTSAL/1476,SAI BHASKAR MEDICALS,16000.0,25-Oct-23,187
25-Oct-23,GSTSAL/1477,SAI BHASKAR MEDICALS,2541.0,25-Oct-23,187
26-Oct-23,GSTSAL/1489,AAYUSH NRI LEPL HEALTHCARE PRIVATE LIMITED,31642.0,26-Oct-23,186
26-Oct-23,GSTSAL/1492,AAYUSH NRI LEPL HEALTHCARE PRIVATE LIMITED,33362.0,26-Oct-23,186
26-Oct-23,GSTSAL/1501,AAYUSH NRI LEPL HEALTHCARE PRIVATE LIMITED,4500.0,26-Oct-23,186
26-Oct-23,GSTSAL/1495,APOLLO HOSPITALS HEALTH CITY,1.0,26-Oct-23,186
26-Oct-23,GSTSAL/1490,MISO HEALTHCARE PRIVATE LIMITED,15000.0,26-Oct-23,186
26-Oct-23,GSTSAL/1499,MISO HEALTHCARE PRIVATE LIMITED,3455.0,26-Oct-23,186
27-Oct-23,GSTSAL/1502,THE C.M.S,32725.5,27-Oct-23,185
27-Oct-23,GSTSAL/1503,THE C.M.S,29525.89,27-Oct-23,185
28-Oct-23,GSTSAL/1512,APOLLO HOSPITALS HEALTH CITY,62549.0,28-Oct-23,184
28-Oct-23,GSTSAL/1511,KUNDA HOSPITALS,42154.0,28-Oct-23,184
28-Oct-23,GSTSAL/1508,MISO HEALTHCARE PRIVATE LIMITED,12495.0,28-Oct-23,184
28-Oct-23,GSTSAL/1505,M.J.NAIDU SUPER SPECIALITY HOSPITALS,122415.0,28-Oct-23,184
28-Oct-23,GSTSAL/1509,SAI BHASKAR MEDICALS,2205.0,28-Oct-23,184
28-Oct-23,GSTSAL/1510,SAI BHASKAR MEDICALS,6248.0,28-Oct-23,184
28-Oct-23,GSTSAL/1506,TRUST PHARMACEUTICALS,13715.0,28-Oct-23,184
30-Oct-23,GSTSAL/1526,TRUST PHARMACEUTICALS,21144.0,30-Oct-23,182
31-Oct-23,GSTSAL/1526,AAYUSH NRI LEPL HEALTHCARE PRIVATE LIMITED,30188.0,31-Oct-23,181
31-Oct-23,GSTSAL/1541,APPLE HOSPITALS,20723.0,31-Oct-23,181
31-Oct-23,GSTSAL/1536,BISHAK PHARMA PRIVATE LIMITED,53824.0,31-Oct-23,181
31-Oct-23,GSTSAL/1532,DR RAMESH CARDIAC AND MULTISPECIALITY HOSPITAL PVT LTD,38150.0,31-Oct-23,181
31-Oct-23,GSTSAL/1533,DR RAMESH CARDIAC AND MULTISPECIALITY HOSPITAL PVT LTD,2688.0,31-Oct-23,181
31-Oct-23,GSTSAL/1539,SRI ANU HOSPITALS PRIVATE LIMITED,32000.0,31-Oct-23,181
1-Nov-23,GSTSAL/1542,SANJIVI HOSPITALS,58000.0,1-Nov-23,180
1-Nov-23,GSTSAL/1543,SANJIVI HOSPITALS,58000.0,1-Nov-23,180
2-Nov-23,GSTSAL/1547,AAYUSH NRI LEPL HEALTHCARE PRIVATE LIMITED,33362.0,2-Nov-23,179
2-Nov-23,GSTSAL/1545,AAYUSH NRI LEPL HEALTHCARE PRIVATE LIMITED,53000.0,2-Nov-23,179
2-Nov-23,GSTSAL/1544,TRUST PHARMACEUTICALS,26696.0,2-Nov-23,179
2-Nov-23,GSTSAL/1546,VARUNI SURGICALS,15000.0,2-Nov-23,179
3-Nov-23,GSTSAL/1553,KHIMS HOSPITALS,40800.0,3-Nov-23,178
3-Nov-23,GSTSAL/1552,MISO HEALTHCARE PRIVATE LIMITED,2331.0,3-Nov-23,178
3-Nov-23,GSTSAL/1551,VARUNI SURGICALS,11000.0,3-Nov-23,178
4-Nov-23,GSTSAL/1560,BISHAK PHARMA PRIVATE LIMITED,26687.0,4-Nov-23,177
4-Nov-23,GSTSAL/1559,SAI BHASKAR MEDICALS,4620.0,4-Nov-23,177
6-Nov-23,GSTSAL/1568,AAYUSH NRI LEPL HEALTHCARE PRIVATE LIMITED,19000.0,6-Nov-23,175
6-Nov-23,GSTSAL/1572,AAYUSH NRI LEPL HEALTHCARE PRIVATE LIMITED,28613.0,6-Nov-23,175
6-Nov-23,GSTSAL/1566,"CAPITAL HOSPITALS, VIJAYAWADA",28000.0,6-Nov-23,175
6-Nov-23,GSTSAL/1574,DELTA PHARMACY(CENTRAL STORE),34720.0,6-Nov-23,175
6-Nov-23,GSTSAL/1562,KHIMS HOSPITALS,40800.0,6-Nov-23,175
6-Nov-23,GSTSAL/1569,SAI BHASKAR MEDICALS,3800.0,6-Nov-23,175
6-Nov-23,GSTSAL/1563,SANJIVI HOSPITALS,22500.0,6-Nov-23,175
6-Nov-23,GSTSAL/1564,SANJIVI HOSPITALS,85000.0,6-Nov-23,175
6-Nov-23,GSTSAL/1571,SYAMALA MEDICALS,600.0,6-Nov-23,175
7-Nov-23,GSTSAL/1582,DELTA PHARMACY(CENTRAL STORE),6300.0,7-Nov-23,174
7-Nov-23,GSTSAL/1577,PRAJA VAIDYA SALA,10994.0,7-Nov-23,174
7-Nov-23,GSTSAL/1578,TATA MEMORIAL CENTRE,92000.0,7-Nov-23,174
8-Nov-23,GSTSAL/1583,"CAPITAL HOSPITALS, VIJAYAWADA",3000.0,8-Nov-23,173
8-Nov-23,GSTSAL/1591,KUNDA HOSPITALS,63910.0,8-Nov-23,173
8-Nov-23,GSTSAL/1590,SANJIVI HOSPITALS,58000.0,8-Nov-23,173
9-Nov-23,GSTSAL/1597,ABC HOSPITALS,65000.0,9-Nov-23,172
9-Nov-23,GSTSAL/1593,A J SURGICALS,652.0,9-Nov-23,172
9-Nov-23,GSTSAL/1595,BISHAK PHARMA PRIVATE LIMITED,103710.0,9-Nov-23,172
9-Nov-23,GSTSAL/1596,KHIMS HOSPITALS,40800.0,9-Nov-23,172
9-Nov-23,GSTSAL/1600,MISO HEALTHCARE PRIVATE LIMITED,4000.0,9-Nov-23,172
9-Nov-23,GSTSAL/1603,MISO HEALTHCARE PRIVATE LIMITED,11000.0,9-Nov-23,172
9-Nov-23,GSTSAL/1604,MISO HEALTHCARE PRIVATE LIMITED,1943.0,9-Nov-23,172
9-Nov-23,GSTSAL/1592,SAI BHASKAR MEDICALS,3150.0,9-Nov-23,172
10-Nov-23,GSTSAL/1611,KHIMS HOSPITALS,40800.0,10-Nov-23,171
10-Nov-23,GSTSAL/1612,KHIMS HOSPITALS,40800.0,10-Nov-23,171
10-Nov-23,GSTSAL/1605,SAI BHASKAR MEDICALS,2835.0,10-Nov-23,171
10-Nov-23,GSTSAL/1607,SURYA GLOBAL HOSPITALS PRIVATE LIMITED,90000.0,10-Nov-23,171
11-Nov-23,GSTSAL/1614,"CAPITAL HOSPITALS, VIJAYAWADA",6000.0,11-Nov-23,170
11-Nov-23,GSTSAL/1616,NRI ACADEMY OF SCIENCES PHARMACY STORES,25305.0,11-Nov-23,170
13-Nov-23,GSTSAL/1621,SAI BHASKAR MEDICALS,11000.0,13-Nov-23,168
14-Nov-23,GSTSAL/1624,AAYUSH NRI LEPL HEALTHCARE PRIVATE LIMITED,3675.0,14-Nov-23,167
14-Nov-23,GSTSAL/1622,"CAPITAL HOSPITALS, VIJAYAWADA",8694.0,14-Nov-23,167
14-Nov-23,GSTSAL/1625,EERATI DEVI CHARAN( C/O: PSIMS HOSPITAL) CASH,13000.0,14-Nov-23,167
14-Nov-23,GSTSAL/1629,NAGARJUNA HOSPITALS PRIVATE LIMITED,13500.0,14-Nov-23,167
14-Nov-23,GSTSAL/1628,NRI ACADEMY OF SCIENCES PHARMACY STORES,26166.0,14-Nov-23,167
14-Nov-23,1,STRYKER INDIA PVT LIMITED,222000.0,29-Dec-23,122
15-Nov-23,GSTSAL/1636,A J SURGICALS,2447.0,15-Nov-23,166
15-Nov-23,GSTSAL/1638,BISHAK PHARMA PRIVATE LIMITED,17000.0,15-Nov-23,166
15-Nov-23,GSTSAL/1637,CHIRANJEEVI HOSPITAL,7134.0,15-Nov-23,166
15-Nov-23,GSTSAL/1630,LIFE CARE SURGICALS,750.0,15-Nov-23,166
15-Nov-23,GSTSAL/1631,M/s. NAVASHREE HOSPITAL,466100.04,15-Nov-23,166
15-Nov-23,GSTSAL/1635,RSV SURGICALS AND MEDICALS,1978.0,15-Nov-23,166
15-Nov-23,GSTSAL/1632,SAI BHASKAR MEDICALS,2457.0,15-Nov-23,166
16-Nov-23,GSTSAL/1639,AAYUSH NRI LEPL HEALTHCARE PRIVATE LIMITED,14079.0,16-Nov-23,165
16-Nov-23,GSTSAL/1641,DELTA PHARMACY(CENTRAL STORE),12000.0,16-Nov-23,165
16-Nov-23,GSTSAL/1644,KHIMS HOSPITALS,64675.0,16-Nov-23,165
16-Nov-23,GSTSAL/1645,KUNDA HOSPITALS,115000.0,16-Nov-23,165
16-Nov-23,GSTSAL/1646,RSV SURGICALS AND MEDICALS,3675.0,16-Nov-23,165
16-Nov-23,GSTSAL/1640,SVS FACILITY MANAGEMENT SERVICES PRIVATE LIMITED,22370.0,16-Nov-23,165
17-Nov-23,GSTSAL/1650,AAYUSH NRI LEPL HEALTHCARE PRIVATE LIMITED,56000.0,17-Nov-23,164
17-Nov-23,GSTSAL/1653,BISHAK PHARMA PRIVATE LIMITED,115518.0,17-Nov-23,164
17-Nov-23,2324,M/S VISAKHA HEALTHCARE INDIA PVT LTD,79083.0,17-Nov-23,164
17-Nov-23,GSTSAL/1654,RAMEEZA PHARMACY,3.0,17-Nov-23,164
20-Nov-23,GSTSAL/1658,AAYUSH NRI LEPL HEALTHCARE PRIVATE LIMITED,37000.0,20-Nov-23,161
20-Nov-23,GSTSAL/1659,AAYUSH NRI LEPL HEALTHCARE PRIVATE LIMITED,13302.0,20-Nov-23,161
20-Nov-23,GSTSAL/1663,AAYUSH NRI LEPL HEALTHCARE PRIVATE LIMITED,38632.0,20-Nov-23,161
20-Nov-23,GSTSAL/1664,AAYUSH NRI LEPL HEALTHCARE PRIVATE LIMITED,9000.0,20-Nov-23,161
20-Nov-23,GSTSAL/1668,AMARA PHARMACY,63910.0,20-Nov-23,161
20-Nov-23,GSTSAL/1662,"CAPITAL HOSPITALS, VIJAYAWADA",9500.0,20-Nov-23,161
20-Nov-23,GSTSAL/1671,CHIRANJEEVI HOSPITAL,3524.0,20-Nov-23,161
20-Nov-23,GSTSAL/1670,CHIRANJEEVI HOSPITAL,20286.0,20-Nov-23,161
20-Nov-23,GSTSAL/1665,KV SHINE HOSPITALS PRIVATE LIMITED,48000.0,20-Nov-23,161
20-Nov-23,GSTSAL/1666,KV SHINE HOSPITALS PRIVATE LIMITED,48000.0,20-Nov-23,161
20-Nov-23,GSTSAL/1667,KV SHINE HOSPITALS PRIVATE LIMITED,48000.0,20-Nov-23,161
20-Nov-23,GSTSAL/1669,KV SHINE HOSPITALS PRIVATE LIMITED,48000.0,20-Nov-23,161
20-Nov-23,GSTSAL/1657,SVS FACILITY MANAGEMENT SERVICES PRIVATE LIMITED,14414.0,20-Nov-23,161
21-Nov-23,GSTSAL/1672,AAYUSH NRI LEPL HEALTHCARE PRIVATE LIMITED,28613.0,21-Nov-23,160
21-Nov-23,GSTSAL/1673,AAYUSH NRI LEPL HEALTHCARE PRIVATE LIMITED,17792.0,21-Nov-23,160
22-Nov-23,GSTSAL/1677,AAYUSH NRI LEPL HEALTHCARE PRIVATE LIMITED,28613.0,22-Nov-23,159
22-Nov-23,GSTSAL/1678,AAYUSH NRI LEPL HEALTHCARE PRIVATE LIMITED,28613.0,22-Nov-23,159
22-Nov-23,GSTSAL/1676,"CAPITAL HOSPITALS, VIJAYAWADA",389.0,22-Nov-23,159
23-Nov-23,GSTSAL/1685,DR RAMESH CARDIAC AND MULTISPECIALITY HOSPITAL PVT LTD,23573.0,23-Nov-23,158
23-Nov-23,GSTSAL/1686,HELIOS PHARMACY,6195.0,23-Nov-23,158
24-Nov-23,GSTSAL/1691,AAYUSH NRI LEPL HEALTHCARE PRIVATE LIMITED,28613.0,24-Nov-23,157
24-Nov-23,GSTSAL/1687,"CAPITAL HOSPITALS, VIJAYAWADA",966.0,24-Nov-23,157
24-Nov-23,GSTSAL/1697,DR RAMESH CARDIAC AND MULTISPECIALITY HOSPITAL PVT LTD,44730.0,24-Nov-23,157
24-Nov-23,GSTSAL/1690,KUNDA HOSPITALS,63910.0,24-Nov-23,157
24-Nov-23,GSTSAL/1688,KV SHINE HOSPITALS PRIVATE LIMITED,48000.0,24-Nov-23,157
24-Nov-23,GSTSAL/1689,KV SHINE HOSPITALS PRIVATE LIMITED,48000.0,24-Nov-23,157
24-Nov-23,GSTSAL/1695,MISO HEALTHCARE PRIVATE LIMITED,420.0,24-Nov-23,157
25-Nov-23,GSTSAL/1699,AAYUSH NRI LEPL HEALTHCARE PRIVATE LIMITED,33251.0,25-Nov-23,156
25-Nov-23,GSTSAL/1703,DR RAMESH CARDIAC AND MULTISPECIALITY HOSPITAL PVT LTD,52333.0,25-Nov-23,156
25-Nov-23,GSTSAL/1707,KV SHINE HOSPITALS PRIVATE LIMITED,48000.0,25-Nov-23,156
25-Nov-23,GSTSAL/1705,SAMUDRA HEALTHCARE ENTERPRISE LIMITED,62549.0,25-Nov-23,156
25-Nov-23,GSTSAL/1704,SRI CHAITANYA ORTHOPEDIC AND EYE HOSPITAL,72275.0,25-Nov-23,156
25-Nov-23,GSTSAL/1701,SUN RISE HOSPITAL,9450.0,25-Nov-23,156
27-Nov-23,GSTSAL/1712,AAYUSH NRI LEPL HEALTHCARE PRIVATE LIMITED,36801.0,27-Nov-23,154
27-Nov-23,GSTSAL/1715,AMARA PHARMACY,119824.0,27-Nov-23,154
27-Nov-23,GSTSAL/1714,TOPSTARS PHARMACY,3360.0,27-Nov-23,154
27-Nov-23,GSTSAL/1713,TULASI MULTISPECIALITY HOSPITALS,36000.0,27-Nov-23,154
28-Nov-23,GSTSAL/1720,BISHAK PHARMA PRIVATE LIMITED,29037.0,28-Nov-23,153
28-Nov-23,GSTSAL/1727,KUNDA HOSPITALS,62000.0,28-Nov-23,153
28-Nov-23,GSTSAL/1717,KUNDA HOSPITALS,67795.0,28-Nov-23,153
28-Nov-23,GSTSAL/1724,KV SHINE HOSPITALS PRIVATE LIMITED,48000.0,28-Nov-23,153
28-Nov-23,GSTSAL/1719,TRUST PHARMACEUTICALS,22042.0,28-Nov-23,153
29-Nov-23,GSTSAL/1733,AAYUSH NRI LEPL HEALTHCARE PRIVATE LIMITED,31642.0,29-Nov-23,152
29-Nov-23,GSTSAL/1732,AAYUSH NRI LEPL HEALTHCARE PRIVATE LIMITED,39000.0,29-Nov-23,152
29-Nov-23,GSTSAL/1740,KRISHNA INSTITUTE OF MEDICAL SCIENCES LTD NELLORE,1.24,29-Nov-23,152
29-Nov-23,GSTSAL/1736,L G MEDICAL SPECIALITIES,34650.0,29-Nov-23,152
29-Nov-23,GSTSAL/1734,SRI SWARUPA SUPER SPECIALITY HOSPITAL,4000.0,29-Nov-23,152
29-Nov-23,GSTSAL/1737,THE C.M.S(Bhuvaneswar Enter Prises),12551.0,29-Nov-23,152
29-Nov-23,GSTSAL/1738,THE C.M.S(Bhuvaneswar Enter Prises),21504.0,29-Nov-23,152
30-Nov-23,GSTSAL/1743,A J SURGICALS,2264.0,30-Nov-23,151
30-Nov-23,GSTSAL/1745,ANDHRA HOSPITALS(VIJAYAWADA) PVT LTD,88400.0,30-Nov-23,151
30-Nov-23,GSTSAL/1744,LIFE CARE SURGICALS,1769.0,30-Nov-23,151
30-Nov-23,GSTSAL/1742,TULASI MULTISPECIALITY HOSPITALS,47800.0,30-Nov-23,151
1-Dec-23,GSTSAL/1749,KARTHIKEYA HOSPITAL(KADAPA),26000.0,1-Dec-23,150
1-Dec-23,GSTSAL/1748,SAI BHASKAR MEDICALS,1974.0,1-Dec-23,150
1-Dec-23,GSTSAL/1747,SAI BHASKAR MEDICALS,6300.0,1-Dec-23,150
2-Dec-23,GSTSAL/1752,AAYUSH NRI LEPL HEALTHCARE PRIVATE LIMITED,6505.0,2-Dec-23,149
2-Dec-23,GSTSAL/1753,AAYUSH NRI LEPL HEALTHCARE PRIVATE LIMITED,28613.0,2-Dec-23,149
2-Dec-23,GSTSAL/1754,MISO HEALTHCARE PRIVATE LIMITED,1260.0,2-Dec-23,149
2-Dec-23,GSTSAL/1755,MISO HEALTHCARE PRIVATE LIMITED,3000.0,2-Dec-23,149
2-Dec-23,GSTSAL/1758,SAMUDRA HEALTHCARE ENTERPRISE LIMITED,42975.0,2-Dec-23,149
2-Dec-23,GSTSAL/1762,SAMUDRA HEALTHCARE ENTERPRISE LIMITED,22575.0,2-Dec-23,149
2-Dec-23,GSTSAL/1760,SANJIVI HOSPITALS,85000.0,2-Dec-23,149
4-Dec-23,GSTSAL/1765,A J SURGICALS,1527.0,4-Dec-23,147
4-Dec-23,GSTSAL/1767,ANDHRA HOSPITALS(VIJAYAWADA) PVT LTD,12500.0,4-Dec-23,147
4-Dec-23,GSTSAL/1763,APPLE HOSPITALS,1705.0,4-Dec-23,147
4-Dec-23,GSTSAL/1764,DEVI SURGICALS (NARASARAOPET),2257.0,4-Dec-23,147
4-Dec-23,GSTSAL/1769,DR RAMESH CARDIAC AND MULTISPECIALITY HOSPITAL PVT LTD,32550.0,4-Dec-23,147
4-Dec-23,GSTSAL/1768,KRISHNA INSTITUTE OF MEDICAL SCIENCES LTD NELLORE,27993.0,4-Dec-23,147
4-Dec-23,GSTSAL/1770,KRISHNA INSTITUTE OF MEDICAL SCIENCES LTD NELLORE,30660.0,4-Dec-23,147
4-Dec-23,GSTSAL/1766,SVS FACILITY MANAGEMENT SERVICES PRIVATE LIMITED,35583.0,4-Dec-23,147
5-Dec-23,GSTSAL/1771,AMARA PHARMACY,115517.0,5-Dec-23,146
5-Dec-23,GSTSAL/1774,I.N.H.S. KALYANI HOSPITAL,791375.0,5-Dec-23,146
5-Dec-23,GSTSAL/1775,KRISHNA INSTITUTE OF MEDICAL SCIENCES LTD NELLORE,30660.0,5-Dec-23,146
5-Dec-23,GSTSAL/1777,MANIPAL OT PHARMACY,149595.0,5-Dec-23,146
5-Dec-23,GSTSAL/1772,SAI GODAVARI MEDICALS,34404.0,5-Dec-23,146
5-Dec-23,GSTSAL/1778,SREE PRATHIMA SUPER SPECIALITY HOSPITAL,20000.0,5-Dec-23,146
5-Dec-23,GSTSAL/1773,SVS FACILITY MANAGEMENT SERVICES PRIVATE LIMITED,20568.0,5-Dec-23,146
6-Dec-23,GSTSAL/1787,AMARA PHARMACY,103611.0,6-Dec-23,145
6-Dec-23,GSTSAL/1781,A.R.SURGICALS,468.0,6-Dec-23,145
6-Dec-23,GSTSAL/1780,DELTA PHARMACY(CENTRAL STORE),28250.0,6-Dec-23,145
6-Dec-23,GSTSAL/1783,KUNDA HOSPITALS,21470.0,6-Dec-23,145
6-Dec-23,GSTSAL/1786,"RAMESH HOSPITALS PVT LIMITED, GUNTUR",30870.0,6-Dec-23,145
6-Dec-23,GSTSAL/1785,SUN RISE HOSPITAL,31350.0,6-Dec-23,145
6-Dec-23,GSTSAL/1784,UNITY HOSPITALS,3360.0,6-Dec-23,145
7-Dec-23,GSTSAL/1793,KV SHINE HOSPITALS PRIVATE LIMITED,48000.0,7-Dec-23,144
7-Dec-23,GSTSAL/1794,KV SHINE HOSPITALS PRIVATE LIMITED,48000.0,7-Dec-23,144
7-Dec-23,GSTSAL/1792,"RAMESH HOSPITAL PRIVATE LIMITED, Vijayawada",43260.0,7-Dec-23,144
8-Dec-23,GSTSAL/1799,KV SHINE HOSPITALS PRIVATE LIMITED,5716.0,8-Dec-23,143
8-Dec-23,GSTSAL/1798,SRIKARA HOSPITAL,31000.0,8-Dec-23,143
9-Dec-23,GSTSAL/1806,AAYUSH NRI LEPL HEALTHCARE PRIVATE LIMITED,28613.0,9-Dec-23,142
9-Dec-23,GSTSAL/1802,"CAPITAL HOSPITALS, VIJAYAWADA",3602.0,9-Dec-23,142
9-Dec-23,GSTSAL/1809,DR RAMESH CARDIAC AND MULTISPECIALITY HOSPITAL PVT LTD,19530.0,9-Dec-23,142
9-Dec-23,GSTSAL/1808,"RAMESH HOSPITALS PVT LIMITED, GUNTUR",40740.0,9-Dec-23,142
9-Dec-23,GSTSAL/1800,SAI BHASKAR MEDICALS,9400.0,9-Dec-23,142
9-Dec-23,GSTSAL/1801,SAI BHASKAR MEDICALS,3150.0,9-Dec-23,142
11-Dec-23,GSTSAL/1815,ANDHRA HOSPITALS(ELURU) PVT LTD,2500.0,11-Dec-23,140
11-Dec-23,GSTSAL/1816,ANDHRA HOSPITALS(ELURU) PVT LTD,13000.0,11-Dec-23,140
11-Dec-23,GSTSAL/1819,MISO HEALTHCARE PRIVATE LIMITED,17795.0,11-Dec-23,140
11-Dec-23,7,OSSEOUS SURGICALS,3360.0,11-Dec-23,140
11-Dec-23,GSTSAL/1812,SANJIVI HOSPITALS,7095.0,11-Dec-23,140
11-Dec-23,GSTSAL/1814,SYAMALA MEDICALS,71500.0,11-Dec-23,140
12-Dec-23,GSTSAL/1825,SANJIVI HOSPITALS,56515.0,12-Dec-23,139
12-Dec-23,GSTSAL/1826,SANJIVI HOSPITALS,48000.0,12-Dec-23,139
13-Dec-23,GSTSAL/1837,AMARA PHARMACY,115517.0,13-Dec-23,138
13-Dec-23,GSTSAL/1830,BISHAK PHARMA PRIVATE LIMITED,27212.0,13-Dec-23,138
13-Dec-23,GSTSAL/1838,BISHAK PHARMA PRIVATE LIMITED,50000.0,13-Dec-23,138
13-Dec-23,GSTSAL/1835,DEVI SURGICALS (NARASARAOPET),5500.0,13-Dec-23,138
13-Dec-23,GSTSAL/1829,KHIMS HOSPITALS,40800.0,13-Dec-23,138
13-Dec-23,GSTSAL/1832,LIFE CARE SURGICALS,1029.0,13-Dec-23,138
13-Dec-23,GSTSAL/1834,RSV SURGICALS AND MEDICALS,8144.0,13-Dec-23,138
13-Dec-23,GSTSAL/1828,SAI BHASKAR MEDICALS,5565.0,13-Dec-23,138
13-Dec-23,GSTSAL/1836,"SHREYA''''S ORTHO, SKIN MULTISPECIALITY HOSPITAL",1420.0,13-Dec-23,138
13-Dec-23,GSTSAL/1831,TRUST PHARMACEUTICALS,36848.0,13-Dec-23,138
13-Dec-23,GSTSAL/1839,VARUNI SURGICALS,7000.0,13-Dec-23,138
15-Dec-23,GSTSAL/1847,A-1 SERVICES,8500.0,15-Dec-23,136
15-Dec-23,GSTSAL/1841,AAYUSH NRI LEPL HEALTHCARE PRIVATE LIMITED,15582.0,15-Dec-23,136
15-Dec-23,GSTSAL/1849,AMARA PHARMACY,119192.0,15-Dec-23,136
15-Dec-23,GSTSAL/1844,"CAPITAL HOSPITALS, VIJAYAWADA",10500.0,15-Dec-23,136
15-Dec-23,GSTSAL/1845,QUALITY CARE INDIA LIMITED,24393.0,15-Dec-23,136
15-Dec-23,GSTSAL/1848,SUN RISE HOSPITAL,32500.0,15-Dec-23,136
16-Dec-23,GSTSAL/1851,AAYUSH NRI LEPL HEALTHCARE PRIVATE LIMITED,48000.0,16-Dec-23,135
16-Dec-23,GSTSAL/1850,BISHAK PHARMA PRIVATE LIMITED,6500.0,16-Dec-23,135
16-Dec-23,GSTSAL/1852,KRISHNA INSTITUTE OF MEDICAL SCIENCES LTD NELLORE,65415.0,16-Dec-23,135
18-Dec-23,GSTSAL/1860,AAYUSH NRI LEPL HEALTHCARE PRIVATE LIMITED,38411.0,18-Dec-23,133
18-Dec-23,GSTSAL/1864,AAYUSH NRI LEPL HEALTHCARE PRIVATE LIMITED,28613.0,18-Dec-23,133
18-Dec-23,GSTSAL/1855,"CAPITAL HOSPITALS, VIJAYAWADA",5000.0,18-Dec-23,133
18-Dec-23,GSTSAL/1863,CHIRANJEEVI HOSPITAL,10500.0,18-Dec-23,133
18-Dec-23,GSTSAL/1861,KV SHINE HOSPITALS PRIVATE LIMITED,48000.0,18-Dec-23,133
18-Dec-23,GSTSAL/1870,ROOPA ORTHOPAEDIC & MULTI SPECIALITY HOSPITAL,12846.0,18-Dec-23,133
18-Dec-23,GSTSAL/1856,"SHREYA''''S ORTHO, SKIN MULTISPECIALITY HOSPITAL",14385.0,18-Dec-23,133
18-Dec-23,GSTSAL/1859,"SHREYA''''S ORTHO, SKIN MULTISPECIALITY HOSPITAL",22000.0,18-Dec-23,133
18-Dec-23,GSTSAL/1866,"SHREYA''''S ORTHO, SKIN MULTISPECIALITY HOSPITAL",5670.0,18-Dec-23,133
18-Dec-23,GSTSAL/1865,SUN RISE HOSPITAL,34755.0,18-Dec-23,133
19-Dec-23,GSTSAL/1871,KV SHINE HOSPITALS PRIVATE LIMITED,48000.0,19-Dec-23,132
20-Dec-23,GSTSAL/1873,AAYUSH NRI LEPL HEALTHCARE PRIVATE LIMITED,26250.0,20-Dec-23,131
20-Dec-23,GSTSAL/1874,AAYUSH NRI LEPL HEALTHCARE PRIVATE LIMITED,28613.0,20-Dec-23,131
20-Dec-23,GSTSAL/1875,AAYUSH NRI LEPL HEALTHCARE PRIVATE LIMITED,1499.0,20-Dec-23,131
20-Dec-23,GSTSAL/1872,ANDHRA HOSPITALS(ELURU) PVT LTD,17000.0,20-Dec-23,131
20-Dec-23,GSTSAL/1879,INHS JEEVANTI,43942.0,20-Dec-23,131
20-Dec-23,GSTSAL/1880,INHS JEEVANTI,45394.0,20-Dec-23,131
20-Dec-23,GSTSAL/1878,INHS JEEVANTI,25088.0,20-Dec-23,131
20-Dec-23,GSTSAL/1877,PRIYA PHARMACY,25200.0,20-Dec-23,131
20-Dec-23,GSTSAL/1876,SREE PRATHIMA SUPER SPECIALITY HOSPITAL,50663.0,20-Dec-23,131
21-Dec-23,GSTSAL/1889,A.R.SURGICALS,4127.0,21-Dec-23,130
21-Dec-23,GSTSAL/1890,BEZWADA PHARMACY,1155.0,21-Dec-23,130
21-Dec-23,GSTSAL/1892,CHIRANJEEVI HOSPITAL,3500.0,21-Dec-23,130
21-Dec-23,GSTSAL/1882,KV SHINE HOSPITALS PRIVATE LIMITED,48000.0,21-Dec-23,130
21-Dec-23,GSTSAL/1886,LIFE CARE SURGICALS,2352.0,21-Dec-23,130
21-Dec-23,GSTSAL/1883,"RAMESH HOSPITAL PRIVATE LIMITED, Vijayawada",24000.0,21-Dec-23,130
21-Dec-23,GSTSAL/1887,ROOPA ORTHOPAEDIC & MULTI SPECIALITY HOSPITAL,2500.0,21-Dec-23,130
21-Dec-23,GSTSAL/1888,ROOPA ORTHOPAEDIC & MULTI SPECIALITY HOSPITAL,10000.0,21-Dec-23,130
21-Dec-23,GSTSAL/1891,"SHREYA''''S ORTHO, SKIN MULTISPECIALITY HOSPITAL",5500.0,21-Dec-23,130
21-Dec-23,GSTSAL/1881,SWASTATA AGENCIES,85000.0,21-Dec-23,130
22-Dec-23,GSTSAL/1896,AMARA PHARMACY,70308.0,22-Dec-23,129
22-Dec-23,GSTSAL/1894,BISHAK PHARMA PRIVATE LIMITED,115518.0,22-Dec-23,129
22-Dec-23,GSTSAL/1893,KV SHINE HOSPITALS PRIVATE LIMITED,48000.0,22-Dec-23,129
22-Dec-23,GSTSAL/1895,"SHREYA''''S ORTHO, SKIN MULTISPECIALITY HOSPITAL",71700.0,22-Dec-23,129
22-Dec-23,GSTSAL/1899,VH PHARMACY,32351.0,22-Dec-23,129
23-Dec-23,GSTSAL/1902,AAYUSH NRI LEPL HEALTHCARE PRIVATE LIMITED,3623.0,23-Dec-23,128
23-Dec-23,GSTSAL/1904,"CAPITAL HOSPITALS, VIJAYAWADA",1365.0,23-Dec-23,128
23-Dec-23,GSTSAL/1901,KUNDA HOSPITALS,80353.0,23-Dec-23,128
23-Dec-23,GSTSAL/1909,KV SHINE HOSPITALS PRIVATE LIMITED,48000.0,23-Dec-23,128
23-Dec-23,GSTSAL/1903,MISO HEALTHCARE PRIVATE LIMITED,16000.0,23-Dec-23,128
23-Dec-23,GSTSAL/1907,MISO HEALTHCARE PRIVATE LIMITED,14333.0,23-Dec-23,128
26-Dec-23,GSTSAL/1913,AAYUSH NRI LEPL HEALTHCARE PRIVATE LIMITED,28613.0,26-Dec-23,125
26-Dec-23,GSTSAL/1918,BEZWADA PHARMACY,39386.0,26-Dec-23,125
26-Dec-23,GSTSAL/1911,L G MEDICAL SPECIALITIES,36750.0,26-Dec-23,125
26-Dec-23,GSTSAL/1914,"NETHISH MEDICALS, Kadapa",44940.0,26-Dec-23,125
26-Dec-23,GSTSAL/1915,SUN RISE HOSPITAL,12600.0,26-Dec-23,125
27-Dec-23,GSTSAL/1919,AAYUSH NRI LEPL HEALTHCARE PRIVATE LIMITED,30253.0,27-Dec-23,124
27-Dec-23,GSTSAL/1922,AMARA PHARMACY,70308.0,27-Dec-23,124
27-Dec-23,GSTSAL/1920,ROOPA ORTHOPAEDIC & MULTI SPECIALITY HOSPITAL,2500.0,27-Dec-23,124
27-Dec-23,GSTSAL/1923,SRI SWARUPA SUPER SPECIALITY HOSPITAL,1114.0,27-Dec-23,124
27-Dec-23,GSTSAL/1921,TOPSTARS PHARMACY,26300.0,27-Dec-23,124
28-Dec-23,GSTSAL/1929,AAYUSH NRI LEPL HEALTHCARE PRIVATE LIMITED,13500.0,28-Dec-23,123
28-Dec-23,GSTSAL/1934,KHIMS HOSPITALS,40800.0,28-Dec-23,123
28-Dec-23,GSTSAL/1933,KHIMS HOSPITALS,40800.0,28-Dec-23,123
28-Dec-23,GSTSAL/1928,LIFE CARE SURGICALS,2400.0,28-Dec-23,123
28-Dec-23,GSTSAL/1926,ROOPA ORTHOPAEDIC & MULTI SPECIALITY HOSPITAL,22500.0,28-Dec-23,123
28-Dec-23,GSTSAL/1927,ROOPA ORTHOPAEDIC & MULTI SPECIALITY HOSPITAL,2500.0,28-Dec-23,123
28-Dec-23,GSTSAL/1931,ROOPA ORTHOPAEDIC & MULTI SPECIALITY HOSPITAL,12000.0,28-Dec-23,123
28-Dec-23,GSTSAL/1932,ROOPA ORTHOPAEDIC & MULTI SPECIALITY HOSPITAL,2500.0,28-Dec-23,123
29-Dec-23,GSTSAL/1935,KHIMS HOSPITALS,40800.0,29-Dec-23,122
29-Dec-23,GSTSAL/1936,LATHA SUPER SPECIALITY HOSPITALS(VIJAYAWADA),13440.0,29-Dec-23,122
29-Dec-23,GSTSAL/1937,NRI ACADEMY OF SCIENCES PHARMACY STORES,24843.0,29-Dec-23,122
30-Dec-23,GSTSAL/1943,A.R.SURGICALS,1567.0,30-Dec-23,121
30-Dec-23,GSTSAL/1939,BISHAK PHARMA PRIVATE LIMITED,76868.0,30-Dec-23,121
30-Dec-23,GSTSAL/1940,KV SHINE HOSPITALS PRIVATE LIMITED,48000.0,30-Dec-23,121
30-Dec-23,GSTSAL/1946,SAMUDRA HEALTHCARE ENTERPRISE LIMITED,22575.0,30-Dec-23,121
30-Dec-23,GSTSAL/1945,"SHREYA''''S ORTHO, SKIN MULTISPECIALITY HOSPITAL",22000.0,30-Dec-23,121
30-Dec-23,GSTSAL/1941,SRI SATYA SURGICALS,4362.0,30-Dec-23,121
31-Dec-23,GSTSAL/1947,AAYUSH NRI LEPL HEALTHCARE PRIVATE LIMITED,55000.0,31-Dec-23,120
31-Dec-23,GSTSAL/1948,"CAPITAL HOSPITALS, VIJAYAWADA",2415.0,31-Dec-23,120
1-Jan-24,GSTSAL/1951,AAYUSH NRI LEPL HEALTHCARE PRIVATE LIMITED,2500.0,1-Jan-24,119
1-Jan-24,GSTSAL/1952,KHIMS HOSPITALS,40800.0,1-Jan-24,119
1-Jan-24,GSTSAL/1953,"SHREYA''''S ORTHO, SKIN MULTISPECIALITY HOSPITAL",22000.0,1-Jan-24,119
1-Jan-24,GSTSAL/1954,SRI SATYA SURGICALS,2881.0,1-Jan-24,119
2-Jan-24,GSTSAL/1957,KHIMS HOSPITALS,4821.0,2-Jan-24,118
2-Jan-24,GSTSAL/1959,KV SHINE HOSPITALS PRIVATE LIMITED,48000.0,2-Jan-24,118
2-Jan-24,GSTSAL/1955,ROOPA ORTHOPAEDIC & MULTI SPECIALITY HOSPITAL,2500.0,2-Jan-24,118
2-Jan-24,GSTSAL/1958,UNITY HOSPITALS,3360.0,2-Jan-24,118
3-Jan-24,GSTSAL/1967,KRISHNA INSTITUTE OF MEDICAL SCIENCES LTD NELLORE,34230.0,3-Jan-24,117
3-Jan-24,GSTSAL/1965,NANDAN HOSPITALS,10500.0,3-Jan-24,117
3-Jan-24,GSTSAL/1968,ROOPA ORTHOPAEDIC & MULTI SPECIALITY HOSPITAL,2500.0,3-Jan-24,117
3-Jan-24,GSTSAL/1969,"SHREYA''''S ORTHO, SKIN MULTISPECIALITY HOSPITAL",2205.0,3-Jan-24,117
3-Jan-24,GSTSAL/1966,TRUST PHARMACEUTICALS,26905.0,3-Jan-24,117
4-Jan-24,GSTSAL/1972,J J SURGI NEEDS,5775.0,4-Jan-24,116
4-Jan-24,GSTSAL/1970,KUNDA HOSPITALS,20000.0,4-Jan-24,116
4-Jan-24,GSTSAL/1971,SRI SATYA SURGICALS,5962.0,4-Jan-24,116
4-Jan-24,GSTSAL/1973,VARUNI SURGICALS,9290.0,4-Jan-24,116
5-Jan-24,GSTSAL/1974,AAYUSH NRI LEPL HEALTHCARE PRIVATE LIMITED,28753.0,5-Jan-24,115
5-Jan-24,GSTSAL/1981,"CAPITAL HOSPITALS, VIJAYAWADA",1680.0,5-Jan-24,115
5-Jan-24,GSTSAL/1980,"CAPITAL HOSPITALS, VIJAYAWADA",7000.0,5-Jan-24,115
5-Jan-24,GSTSAL/1979,CITI ORTHOPAEDIC CENTER,13000.0,5-Jan-24,115
5-Jan-24,GSTSAL/1978,KRISHNA INSTITUTE OF MEDICAL SCIENCES LTD NELLORE,30660.0,5-Jan-24,115
5-Jan-24,GSTSAL/1985,KV SHINE HOSPITALS PRIVATE LIMITED,48000.0,5-Jan-24,115
5-Jan-24,GSTSAL/1982,LIFE CARE SURGICALS,2352.0,5-Jan-24,115
5-Jan-24,GSTSAL/1984,MISO HEALTHCARE PRIVATE LIMITED,16433.0,5-Jan-24,115
5-Jan-24,GSTSAL/1975,SANJIVI HOSPITALS,85500.0,5-Jan-24,115
5-Jan-24,GSTSAL/1976,SVS FACILITY MANAGEMENT SERVICES PRIVATE LIMITED,21169.0,5-Jan-24,115
6-Jan-24,GSTSAL/1988,AAYUSH NRI LEPL HEALTHCARE PRIVATE LIMITED,56000.0,6-Jan-24,114
6-Jan-24,GSTSAL/1990,KANUMURI HOSPITALS,80000.0,6-Jan-24,114
6-Jan-24,GSTSAL/1992,KV SHINE HOSPITALS PRIVATE LIMITED,48000.0,6-Jan-24,114
6-Jan-24,GSTSAL/1989,ROOPA ORTHOPAEDIC & MULTI SPECIALITY HOSPITAL,65000.0,6-Jan-24,114
6-Jan-24,GSTSAL/1986,SANJIVI HOSPITALS,110000.0,6-Jan-24,114
8-Jan-24,GSTSAL/1995,AAYUSH NRI LEPL HEALTHCARE PRIVATE LIMITED,13000.0,8-Jan-24,112
8-Jan-24,GSTSAL/2001,A J SURGICALS,900.0,8-Jan-24,112
8-Jan-24,GSTSAL/2004,AMARA PHARMACY,140692.0,8-Jan-24,112
8-Jan-24,GSTSAL/1993,BEZWADA PHARMACY,13000.0,8-Jan-24,112
8-Jan-24,GSTSAL/2003,DELTA PHARMACY(CENTRAL STORE),58569.0,8-Jan-24,112
8-Jan-24,GSTSAL/1997,HRUSHEET MEDICALS,9816.0,8-Jan-24,112
8-Jan-24,GSTSAL/1998,HRUSHEET MEDICALS,10000.0,8-Jan-24,112
8-Jan-24,GSTSAL/2007,KV SHINE HOSPITALS PRIVATE LIMITED,48000.0,8-Jan-24,112
8-Jan-24,GSTSAL/2002,LIFE CARE SURGICALS,3539.0,8-Jan-24,112
8-Jan-24,GSTSAL/2006,MISO HEALTHCARE PRIVATE LIMITED,1800.0,8-Jan-24,112
8-Jan-24,GSTSAL/2005,MYTHREE MEDICAL SERVICES LLP,2800.0,8-Jan-24,112
8-Jan-24,GSTSAL/1996,PUJITHA HOSPITAL,9975.0,8-Jan-24,112
8-Jan-24,GSTSAL/2008,SANJIVI HOSPITALS,85000.0,8-Jan-24,112
8-Jan-24,GSTSAL/1999,SRI SWARUPA SUPER SPECIALITY HOSPITAL,3500.0,8-Jan-24,112
8-Jan-24,GSTSAL/2000,THE C.M.S(Bhuvaneswar Enter Prises),12551.0,8-Jan-24,112
8-Jan-24,GSTSAL/1994,TULASI MULTISPECIALITY HOSPITALS,20895.0,8-Jan-24,112
9-Jan-24,GSTSAL/2015,A-1 SERVICES,10500.0,9-Jan-24,111
9-Jan-24,GSTSAL/2010,AAYUSH NRI LEPL HEALTHCARE PRIVATE LIMITED,36206.0,9-Jan-24,111
9-Jan-24,GSTSAL/2012,APPLE HOSPITALS,34150.0,9-Jan-24,111
9-Jan-24,GSTSAL/2011,KRISHNA INSTITUTE OF MEDICAL SCIENCES LTD NELLORE,33747.0,9-Jan-24,111
9-Jan-24,GSTSAL/2018,KV SHINE HOSPITALS PRIVATE LIMITED,48000.0,9-Jan-24,111
9-Jan-24,GSTSAL/2017,MISO HEALTHCARE PRIVATE LIMITED,9450.0,9-Jan-24,111
9-Jan-24,GSTSAL/2016,"SHREYA''''S ORTHO, SKIN MULTISPECIALITY HOSPITAL",1575.0,9-Jan-24,111
9-Jan-24,GSTSAL/2013,SRI SAI SURGICALS ( NELLORE),8000.0,9-Jan-24,111
9-Jan-24,GSTSAL/2014,VIJAY ORTHOPEDIC & ACCIDENT CARE HOSPITAL,36500.0,9-Jan-24,111
10-Jan-24,GSTSAL/2022,BHIMAVARAM HOSPITALS LIMITED,18260.0,10-Jan-24,110
10-Jan-24,GSTSAL/2019,KHIMS HOSPITALS,40800.0,10-Jan-24,110
10-Jan-24,GSTSAL/2020,KHIMS HOSPITALS,40800.0,10-Jan-24,110
10-Jan-24,GSTSAL/2021,KV SHINE HOSPITALS PRIVATE LIMITED,48000.0,10-Jan-24,110
11-Jan-24,GSTSAL/2025,ANDHRA HOSPITALS(ELURU) PVT LTD,14500.0,11-Jan-24,109
11-Jan-24,GSTSAL/2026,BISHAK PHARMA PRIVATE LIMITED,79814.0,11-Jan-24,109
11-Jan-24,GSTSAL/2027,CITI ORTHOPAEDIC CENTER,8000.0,11-Jan-24,109
11-Jan-24,GSTSAL/2024,ROOPA ORTHOPAEDIC & MULTI SPECIALITY HOSPITAL,10000.0,11-Jan-24,109
12-Jan-24,GSTSAL/2028,AAYUSH NRI LEPL HEALTHCARE PRIVATE LIMITED,56000.0,12-Jan-24,108
12-Jan-24,GSTSAL/2033,BHIMAVARAM HOSPITALS LIMITED,12000.0,12-Jan-24,108
12-Jan-24,GSTSAL/2029,"CAPITAL HOSPITALS, VIJAYAWADA",2500.0,12-Jan-24,108
12-Jan-24,GSTSAL/2031,KRISHNA INSTITUTE OF MEDICAL SCIENCES LTD NELLORE,34230.0,12-Jan-24,108
12-Jan-24,GSTSAL/2036,"RAMESH HOSPITAL PRIVATE LIMITED, Vijayawada",3885.0,12-Jan-24,108
12-Jan-24,GSTSAL/2032,ROOPA ORTHOPAEDIC & MULTI SPECIALITY HOSPITAL,10000.0,12-Jan-24,108
12-Jan-24,GSTSAL/2030,SRI SWARUPA SUPER SPECIALITY HOSPITAL,75000.0,12-Jan-24,108
13-Jan-24,GSTSAL/2040,AAYUSH NRI LEPL HEALTHCARE PRIVATE LIMITED,28613.0,13-Jan-24,107
13-Jan-24,GSTSAL/2041,AAYUSH NRI LEPL HEALTHCARE PRIVATE LIMITED,13000.0,13-Jan-24,107
13-Jan-24,GSTSAL/2037,AMARA PHARMACY,47985.0,13-Jan-24,107
13-Jan-24,GSTSAL/2038,KRISHNA INSTITUTE OF MEDICAL SCIENCES LTD NELLORE,32424.0,13-Jan-24,107
14-Jan-24,GSTSAL/2042,AAYUSH NRI LEPL HEALTHCARE PRIVATE LIMITED,39870.0,14-Jan-24,106
14-Jan-24,GSTSAL/2044,POLY CLINIC & HOSPITAL,4200.0,14-Jan-24,106
14-Jan-24,GSTSAL/2043,POLY CLINIC & HOSPITAL,32200.0,14-Jan-24,106
14-Jan-24,GSTSAL/2045,PRAJA VAIDYA SALA,39500.0,14-Jan-24,106
14-Jan-24,GSTSAL/2046,SRI SWARUPA SUPER SPECIALITY HOSPITAL,10763.0,14-Jan-24,106
16-Jan-24,GSTSAL/2048,LATHA SUPER SPECIALITY HOSPITALS(VIJAYAWADA),32000.0,16-Jan-24,104
17-Jan-24,GSTSAL/2051,KUNDA HOSPITALS,23100.0,17-Jan-24,103
17-Jan-24,GSTSAL/2054,LIFE CARE SURGICALS,3325.0,17-Jan-24,103
17-Jan-24,GSTSAL/2053,ROOPA ORTHOPAEDIC & MULTI SPECIALITY HOSPITAL,2500.0,17-Jan-24,103
17-Jan-24,GSTSAL/2050,SVARA KMR HOSPITAL,11000.0,17-Jan-24,103
18-Jan-24,GSTSAL/2060,APPLE HOSPITALS,24000.0,18-Jan-24,102
18-Jan-24,GSTSAL/2057,RSV SURGICALS AND MEDICALS,4950.0,18-Jan-24,102
18-Jan-24,GSTSAL/2058,SRI SWARUPA SUPER SPECIALITY HOSPITAL,3000.0,18-Jan-24,102
18-Jan-24,GSTSAL/2061,VARUNI SURGICALS,630.0,18-Jan-24,102
19-Jan-24,GSTSAL/2069,AMULYA MEDICALS A UNIT OF FOUR HEALTH CARE INDIA LIMITED,26800.0,19-Jan-24,101
19-Jan-24,GSTSAL/2066,"CAPITAL HOSPITALS, VIJAYAWADA",32000.0,19-Jan-24,101
19-Jan-24,GSTSAL/2063,DELTA PHARMACY(CENTRAL STORE),35300.0,19-Jan-24,101
19-Jan-24,GSTSAL/2062,ROOPA ORTHOPAEDIC & MULTI SPECIALITY HOSPITAL,52500.0,19-Jan-24,101
19-Jan-24,GSTSAL/2067,SAMUDRA HEALTHCARE ENTERPRISE LIMITED,42975.0,19-Jan-24,101
19-Jan-24,GSTSAL/2064,SRIKARA HOSPITAL,45894.0,19-Jan-24,101
19-Jan-24,GSTSAL/2065,SRI SAI RAM ORTHOPAEDIC HOSPITAL,49000.0,19-Jan-24,101
20-Jan-24,GSTSAL/2072,BISHAK PHARMA PRIVATE LIMITED,3250.0,20-Jan-24,100
20-Jan-24,GSTSAL/2071,"CAPITAL HOSPITALS, VIJAYAWADA",35300.0,20-Jan-24,100
20-Jan-24,GSTSAL/2070,ROOPA ORTHOPAEDIC & MULTI SPECIALITY HOSPITAL,2500.0,20-Jan-24,100
21-Jan-24,GSTSAL/2073,DR RAMESH CARDIAC AND MULTISPECIALITY HOSPITAL PVT LTD,13028.0,21-Jan-24,99
22-Jan-24,GSTSAL/2083,KV SHINE HOSPITALS PRIVATE LIMITED,48000.0,22-Jan-24,98
22-Jan-24,GSTSAL/2074,ROOPA ORTHOPAEDIC & MULTI SPECIALITY HOSPITAL,2500.0,22-Jan-24,98
22-Jan-24,GSTSAL/2084,"SHREYA''''S ORTHO, SKIN MULTISPECIALITY HOSPITAL",23260.0,22-Jan-24,98
22-Jan-24,GSTSAL/2079,"SHREYA''''S ORTHO, SKIN MULTISPECIALITY HOSPITAL",11000.0,22-Jan-24,98
22-Jan-24,GSTSAL/2078,"SHREYA''''S ORTHO, SKIN MULTISPECIALITY HOSPITAL",28500.0,22-Jan-24,98
22-Jan-24,GSTSAL/2080,SRI SATYA SURGICALS,7232.0,22-Jan-24,98
22-Jan-24,GSTSAL/2082,SRI SWARUPA SUPER SPECIALITY HOSPITAL,4050.0,22-Jan-24,98
22-Jan-24,GSTSAL/2076,VARUNI SURGICALS,3266.0,22-Jan-24,98
23-Jan-24,GSTSAL/2085,AAYUSH NRI LEPL HEALTHCARE PRIVATE LIMITED,28613.0,23-Jan-24,97
23-Jan-24,GSTSAL/2086,BISHAK PHARMA PRIVATE LIMITED,26687.0,23-Jan-24,97
23-Jan-24,GSTSAL/2087,I.N.H.S. KALYANI HOSPITAL,13619.0,23-Jan-24,97
23-Jan-24,GSTSAL/2088,I.N.H.S. KALYANI HOSPITAL,11376.0,23-Jan-24,97
23-Jan-24,GSTSAL/2091,KV SHINE HOSPITALS PRIVATE LIMITED,48000.0,23-Jan-24,97
23-Jan-24,GSTSAL/2089,"RAMESH HOSPITAL PRIVATE LIMITED, Vijayawada",36750.0,23-Jan-24,97
23-Jan-24,GSTSAL/2090,"SHREYA''''S ORTHO, SKIN MULTISPECIALITY HOSPITAL",16500.0,23-Jan-24,97
24-Jan-24,GSTSAL/2095,AAYUSH NRI LEPL HEALTHCARE PRIVATE LIMITED,26250.0,24-Jan-24,96
24-Jan-24,GSTSAL/2096,AMARA PHARMACY,70308.0,24-Jan-24,96
24-Jan-24,GSTSAL/2093,ANDHRA HOSPITALS(ELURU) PVT LTD,18000.0,24-Jan-24,96
24-Jan-24,GSTSAL/2100,DR.M.NARENDRA KUMAR,13125.0,24-Jan-24,96
24-Jan-24,GSTSAL/2097,L G MEDICAL SPECIALITIES,14350.0,24-Jan-24,96
24-Jan-24,GSTSAL/2099,PUJITHA HOSPITAL,1890.0,24-Jan-24,96
24-Jan-24,GSTSAL/2098,"SHREYA''''S ORTHO, SKIN MULTISPECIALITY HOSPITAL",7000.0,24-Jan-24,96
24-Jan-24,GSTSAL/2094,SREE SHINE PHARMACY,83750.0,24-Jan-24,96
25-Jan-24,GSTSAL/2104,A-1 SERVICES,8500.0,25-Jan-24,95
25-Jan-24,GSTSAL/2106,APOLLO HOSPITALS HEALTH CITY,62549.0,25-Jan-24,95
25-Jan-24,GSTSAL/2103,MISO HEALTHCARE PRIVATE LIMITED,15000.0,25-Jan-24,95
25-Jan-24,GSTSAL/2108,ROOPA ORTHOPAEDIC & MULTI SPECIALITY HOSPITAL,2500.0,25-Jan-24,95
25-Jan-24,GSTSAL/2109,ROOPA ORTHOPAEDIC & MULTI SPECIALITY HOSPITAL,10973.0,25-Jan-24,95
25-Jan-24,GSTSAL/2107,"SHREYA''''S ORTHO, SKIN MULTISPECIALITY HOSPITAL",22000.0,25-Jan-24,95
25-Jan-24,GSTSAL/2102,SRAVANI HOSPITAL,70308.0,25-Jan-24,95
25-Jan-24,GSTSAL/2101,"VIJAYANAGAR HOSPITALS PRIVATE LIMITED

",72000.0,25-Jan-24,95
26-Jan-24,GSTSAL/2111,AMRUTHA HOSPITAL,16600.0,26-Jan-24,94
27-Jan-24,GSTSAL/2122,APOLLO HOSPITALS HEALTH CITY,62549.0,27-Jan-24,93
27-Jan-24,GSTSAL/2119,BISHAK PHARMA PRIVATE LIMITED,3250.0,27-Jan-24,93
27-Jan-24,GSTSAL/2120,BISHAK PHARMA PRIVATE LIMITED,29828.0,27-Jan-24,93
27-Jan-24,GSTSAL/2127,CITI ORTHOPAEDIC CENTER PHARMACY,5500.0,27-Jan-24,93
27-Jan-24,GSTSAL/2116,KARTHIKEYA ENTERPRISES,19500.0,27-Jan-24,93
27-Jan-24,GSTSAL/2121,KHIMS HOSPITALS,40800.0,27-Jan-24,93
27-Jan-24,GSTSAL/2123,KRISHNA INSTITUTE OF MEDICAL SCIENCES LTD NELLORE,59850.0,27-Jan-24,93
27-Jan-24,GSTSAL/2114,KUNDA HOSPITALS,51885.0,27-Jan-24,93
27-Jan-24,GSTSAL/2115,KUNDA HOSPITALS,80353.0,27-Jan-24,93
27-Jan-24,GSTSAL/2126,KUNDA HOSPITALS,51885.0,27-Jan-24,93
27-Jan-24,GSTSAL/2113,NRI ACADEMY OF SCIENCES PHARMACY STORES,19950.0,27-Jan-24,93
27-Jan-24,GSTSAL/2117,ROOPA ORTHOPAEDIC & MULTI SPECIALITY HOSPITAL,26000.0,27-Jan-24,93
27-Jan-24,GSTSAL/2124,SANGHAMITHRA HOSPITALS PRIVATE LIMITED,29400.0,27-Jan-24,93
27-Jan-24,GSTSAL/2118,"SHREYA''''S ORTHO, SKIN MULTISPECIALITY HOSPITAL",27983.0,27-Jan-24,93
27-Jan-24,GSTSAL/2130,"SHREYA''''S ORTHO, SKIN MULTISPECIALITY HOSPITAL",3885.0,27-Jan-24,93
27-Jan-24,GSTSAL/2128,SIDDHARTHA HOSPITALS,32550.0,27-Jan-24,93
29-Jan-24,GSTSAL/2138,CITI ORTHOPAEDIC CENTER PHARMACY,5500.0,29-Jan-24,91
29-Jan-24,GSTSAL/2131,KUNDA HOSPITALS,23100.0,29-Jan-24,91
29-Jan-24,GSTSAL/2134,KV SHINE HOSPITALS PRIVATE LIMITED,48000.0,29-Jan-24,91
29-Jan-24,GSTSAL/2140,MISO HEALTHCARE PRIVATE LIMITED,10000.0,29-Jan-24,91
29-Jan-24,GSTSAL/2137,SAI BHASKAR MEDICALS,1890.0,29-Jan-24,91
29-Jan-24,GSTSAL/2136,SAMUDRA HEALTHCARE ENTERPRISE LIMITED,22575.0,29-Jan-24,91
29-Jan-24,GSTSAL/2135,"SHREYA''''S ORTHO, SKIN MULTISPECIALITY HOSPITAL",2205.0,29-Jan-24,91
29-Jan-24,GSTSAL/2133,SRI SWARUPA SUPER SPECIALITY HOSPITAL,2352.0,29-Jan-24,91
30-Jan-24,GSTSAL/2142,SHREE OHM SURGICALS,9878.0,30-Jan-24,90
30-Jan-24,GSTSAL/2141,VARUNI SURGICALS,13322.0,30-Jan-24,90
31-Jan-24,GSTSAL/2153,A-1 SERVICES,7500.0,31-Jan-24,89
31-Jan-24,GSTSAL/2145,AAYUSH NRI LEPL HEALTHCARE PRIVATE LIMITED,26592.0,31-Jan-24,89
31-Jan-24,GSTSAL/2150,ANDHRA HOSPITALS(VIJAYAWADA) PVT LTD,129900.0,31-Jan-24,89
31-Jan-24,GSTSAL/2148,APOLLO HOSPITALS HEALTH CITY,62549.0,31-Jan-24,89
31-Jan-24,GSTSAL/2152,APPLE HOSPITALS,6174.0,31-Jan-24,89
31-Jan-24,GSTSAL/2147,J J SURGI NEEDS,2016.0,31-Jan-24,89
31-Jan-24,GSTSAL/2154,KRISHNA INSTITUTE OF MEDICAL SCIENCES LTD NELLORE,27510.0,31-Jan-24,89
31-Jan-24,GSTSAL/2146,MISO HEALTHCARE PRIVATE LIMITED,1800.0,31-Jan-24,89
31-Jan-24,GSTSAL/2149,VENKATESWARA HOSPITAL (KHMMAM),49000.0,31-Jan-24,89
1-Feb-24,GSTSAL/2156,AAYUSH NRI LEPL HEALTHCARE PRIVATE LIMITED,28613.0,1-Feb-24,88
1-Feb-24,GSTSAL/2159,ANDHRA HOSPITALS (VISAKHAPATNAM) PRIVATE,101150.0,1-Feb-24,88
1-Feb-24,GSTSAL/2163,KRISHNA INSTITUTE OF MEDICAL SCIENCES LTD NELLORE,25830.0,1-Feb-24,88
1-Feb-24,GSTSAL/2164,KRISHNA INSTITUTE OF MEDICAL SCIENCES LTD NELLORE,2163.0,1-Feb-24,88
1-Feb-24,GSTSAL/2157,KUNDA HOSPITALS,48000.0,1-Feb-24,88
1-Feb-24,GSTSAL/2158,SRI CHAITANYA ORTHOPEDIC AND EYE HOSPITAL,46997.0,1-Feb-24,88
1-Feb-24,GSTSAL/2161,SRI SWARUPA SUPER SPECIALITY HOSPITAL,8500.0,1-Feb-24,88
2-Feb-24,GSTSAL/2171,AMARA PHARMACY,70308.0,2-Feb-24,87
2-Feb-24,GSTSAL/2166,ANDHRA HOSPITALS(VIJAYAWADA) PVT LTD,71500.0,2-Feb-24,87
2-Feb-24,GSTSAL/2168,BISHAK PHARMA PRIVATE LIMITED,8131.0,2-Feb-24,87
2-Feb-24,GSTSAL/2169,KRISHNA INSTITUTE OF MEDICAL SCIENCES LTD NELLORE,27510.0,2-Feb-24,87
2-Feb-24,GSTSAL/2170,KV SHINE HOSPITALS PRIVATE LIMITED,48000.0,2-Feb-24,87
2-Feb-24,GSTSAL/2167,SAMUDRA HEALTHCARE ENTERPRISE LIMITED,22575.0,2-Feb-24,87
2-Feb-24,GSTSAL/2165,SRI CHAITANYA ORTHOPEDIC AND EYE HOSPITAL,70308.0,2-Feb-24,87
3-Feb-24,GSTSAL/2181,A-1 SERVICES,8500.0,3-Feb-24,86
3-Feb-24,GSTSAL/2183,AKSHARA HOSPITAL,18000.0,3-Feb-24,86
3-Feb-24,GSTSAL/2182,AKSHARA HOSPITAL,4500.0,3-Feb-24,86
3-Feb-24,GSTSAL/2184,BISHAK PHARMA PRIVATE LIMITED,8131.0,3-Feb-24,86
3-Feb-24,GSTSAL/2173,BISHAK PHARMA PRIVATE LIMITED,37884.0,3-Feb-24,86
3-Feb-24,GSTSAL/2172,"CAPITAL HOSPITALS, VIJAYAWADA",31000.0,3-Feb-24,86
3-Feb-24,GSTSAL/2180,CITI ORTHOPAEDIC CENTER PHARMACY,5500.0,3-Feb-24,86
3-Feb-24,GSTSAL/2177,NANDAN HOSPITALS,3996.0,3-Feb-24,86
3-Feb-24,GSTSAL/2176,NUHA HOSPITAL,80000.0,3-Feb-24,86
3-Feb-24,GSTSAL/2178,PUJITHA HOSPITAL,24300.0,3-Feb-24,86
3-Feb-24,GSTSAL/2174,ROOPA ORTHOPAEDIC & MULTI SPECIALITY HOSPITAL,2595.0,3-Feb-24,86
3-Feb-24,GSTSAL/2179,"SHREYA''''S ORTHO, SKIN MULTISPECIALITY HOSPITAL",1575.0,3-Feb-24,86
5-Feb-24,GSTSAL/2187,AKSHARA HOSPITAL,8000.0,5-Feb-24,84
5-Feb-24,GSTSAL/2188,AKSHARA HOSPITAL,80000.0,5-Feb-24,84
5-Feb-24,GSTSAL/2192,AMARA PHARMACY,70308.0,5-Feb-24,84
5-Feb-24,GSTSAL/2191,APOLLO HOSPITALS HEALTH CITY,62549.0,5-Feb-24,84
5-Feb-24,GSTSAL/2189,APPLE HOSPITALS,18065.0,5-Feb-24,84
5-Feb-24,GSTSAL/2190,APPLE HOSPITALS,24614.0,5-Feb-24,84
5-Feb-24,GSTSAL/2186,SRI CHAITANYA ORTHOPEDIC AND EYE HOSPITAL,70308.0,5-Feb-24,84
5-Feb-24,GSTSAL/2185,SRI CHAITANYA ORTHOPEDIC AND EYE HOSPITAL,46997.0,5-Feb-24,84
6-Feb-24,GSTSAL/2196,AAYUSH NRI LEPL HEALTHCARE PRIVATE LIMITED,28613.0,6-Feb-24,83
6-Feb-24,GSTSAL/2197,DELTA PHARMACY(CENTRAL STORE),34720.0,6-Feb-24,83
6-Feb-24,GSTSAL/2200,SRI SATYA SURGICALS,5633.0,6-Feb-24,83
6-Feb-24,GSTSAL/2199,VIJAY ORTHOPEDIC & ACCIDENT CARE HOSPITAL,6089.0,6-Feb-24,83
7-Feb-24,GSTSAL/2203,AAYUSH NRI LEPL HEALTHCARE PRIVATE LIMITED,11000.0,7-Feb-24,82
7-Feb-24,GSTSAL/2206,AKSHARA HOSPITAL,20993.0,7-Feb-24,82
7-Feb-24,GSTSAL/2209,AMARA PHARMACY,70308.0,7-Feb-24,82
7-Feb-24,GSTSAL/2205,BISHAK PHARMA PRIVATE LIMITED,25156.0,7-Feb-24,82
7-Feb-24,GSTSAL/2201,"CAPITAL HOSPITALS, VIJAYAWADA",1838.0,7-Feb-24,82
7-Feb-24,GSTSAL/2207,KRISHNA INSTITUTE OF MEDICAL SCIENCES LTD NELLORE,61740.0,7-Feb-24,82
7-Feb-24,GSTSAL/2208,THE C.M.S(Bhuvaneswar Enter Prises),10752.0,7-Feb-24,82
7-Feb-24,GSTSAL/2204,TOPSTARS PHARMACY,6000.0,7-Feb-24,82
8-Feb-24,GSTSAL/2216,A-1 SERVICES,8500.0,8-Feb-24,81
8-Feb-24,GSTSAL/2210,AAYUSH NRI LEPL HEALTHCARE PRIVATE LIMITED,33362.0,8-Feb-24,81
8-Feb-24,GSTSAL/2212,APOLLO HOSPITALS HEALTH CITY,62549.0,8-Feb-24,81
8-Feb-24,GSTSAL/2213,KHIMS HOSPITALS,40800.0,8-Feb-24,81
8-Feb-24,GSTSAL/2211,KV SHINE HOSPITALS PRIVATE LIMITED,48000.0,8-Feb-24,81
8-Feb-24,GSTSAL/2214,SRAVANI HOSPITAL,70308.0,8-Feb-24,81
8-Feb-24,GSTSAL/2215,SWASTATA AGENCIES,111600.0,8-Feb-24,81
9-Feb-24,GSTSAL/2223,AAYUSH NRI LEPL HEALTHCARE PRIVATE LIMITED,28613.0,9-Feb-24,80
9-Feb-24,GSTSAL/2224,AAYUSH NRI LEPL HEALTHCARE PRIVATE LIMITED,750.0,9-Feb-24,80
9-Feb-24,GSTSAL/2226,AMARA PHARMACY,70308.0,9-Feb-24,80
9-Feb-24,GSTSAL/2225,CITI ORTHOPAEDIC CENTER PHARMACY,5500.0,9-Feb-24,80
9-Feb-24,GSTSAL/2222,KHIMS HOSPITALS,40800.0,9-Feb-24,80
9-Feb-24,GSTSAL/2221,M.J.NAIDU SUPER SPECIALITY HOSPITALS,120000.0,9-Feb-24,80
9-Feb-24,GSTSAL/2220,SAI BHASKAR MEDICALS,32550.0,9-Feb-24,80
9-Feb-24,GSTSAL/2219,SAI BHASKAR MEDICALS(GUNTUR),48300.0,9-Feb-24,80
9-Feb-24,GSTSAL/2218,SENTHINI HOSPITALS,17378.0,9-Feb-24,80
9-Feb-24,GSTSAL/2217,SRAVANI HOSPITAL,61000.0,9-Feb-24,80
9-Feb-24,GSTSAL/2227,SRI SWARUPA SUPER SPECIALITY HOSPITAL,5072.0,9-Feb-24,80
10-Feb-24,GSTSAL/2230,AAYUSH NRI LEPL HEALTHCARE PRIVATE LIMITED,28613.0,10-Feb-24,79
10-Feb-24,GSTSAL/2229,AAYUSH NRI LEPL HEALTHCARE PRIVATE LIMITED,36206.0,10-Feb-24,79
10-Feb-24,GSTSAL/2231,AAYUSH NRI LEPL HEALTHCARE PRIVATE LIMITED,37000.0,10-Feb-24,79
10-Feb-24,GSTSAL/2232,I.N.H.S. KALYANI HOSPITAL,2865934.0,10-Feb-24,79
10-Feb-24,GSTSAL/2228,KV SHINE HOSPITALS PRIVATE LIMITED,48000.0,10-Feb-24,79
12-Feb-24,GSTSAL/2234,AAYUSH NRI LEPL HEALTHCARE PRIVATE LIMITED,36956.0,12-Feb-24,77
12-Feb-24,GSTSAL/2237,BEZWADA PHARMACY(CASH BILL),1100.0,12-Feb-24,77
12-Feb-24,GSTSAL/2233,"CAPITAL HOSPITALS, VIJAYAWADA",1500.0,12-Feb-24,77
12-Feb-24,GSTSAL/2238,KHIMS HOSPITALS,40800.0,12-Feb-24,77
12-Feb-24,GSTSAL/2240,KIMS-ICON CENTRAL PHARMACY STORES,150000.0,12-Feb-24,77
12-Feb-24,GSTSAL/2241,LATHA SUPER SPECIALITY HOSPITALS(VIJAYAWADA),39795.0,12-Feb-24,77
12-Feb-24,GSTSAL/2239,MEDIGO PHARMACY,69069.0,12-Feb-24,77
12-Feb-24,GSTSAL/2235,"NETHISH MEDICALS, Kadapa",24192.0,12-Feb-24,77
12-Feb-24,GSTSAL/2242,ROOPA ORTHOPAEDIC & MULTI SPECIALITY HOSPITAL,2500.0,12-Feb-24,77
12-Feb-24,GSTSAL/2236,TRUST PHARMACEUTICALS,24732.0,12-Feb-24,77
12-Feb-24,GSTSAL/2243,TULASI MULTISPECIALITY HOSPITALS,20265.0,12-Feb-24,77
13-Feb-24,GSTSAL/2247,A J SURGICALS,1882.0,13-Feb-24,76
13-Feb-24,GSTSAL/2245,KUNDA HOSPITALS,115000.0,13-Feb-24,76
13-Feb-24,GSTSAL/2244,NRI ACADEMY OF SCIENCES PHARMACY STORES,11721.0,13-Feb-24,76
13-Feb-24,GSTSAL/2246,RSV SURGICALS AND MEDICALS,7350.0,13-Feb-24,76
14-Feb-24,GSTSAL/2256,AKSHARA HOSPITAL,28800.0,14-Feb-24,75
14-Feb-24,GSTSAL/2248,"CAPITAL HOSPITALS, VIJAYAWADA",30798.0,14-Feb-24,75
14-Feb-24,GSTSAL/2255,(CASH)All India Institute of Medical Sciences(AIIMS,35000.0,14-Feb-24,75
14-Feb-24,GSTSAL/2250,KHIMS HOSPITALS,40800.0,14-Feb-24,75
14-Feb-24,GSTSAL/2249,"NETHISH MEDICALS, Kadapa",44940.0,14-Feb-24,75
14-Feb-24,GSTSAL/2254,PRAJA VAIDYA SALA,2625.0,14-Feb-24,75
14-Feb-24,GSTSAL/2251,SANJIVI HOSPITALS,6000.0,14-Feb-24,75
14-Feb-24,GSTSAL/2252,SANJIVI HOSPITALS,7000.0,14-Feb-24,75
14-Feb-24,GSTSAL/2253,TULASI MULTISPECIALITY HOSPITALS,21000.0,14-Feb-24,75
14-Feb-24,GSTSAL/2257,UNITY HOSPITALS,27122.0,14-Feb-24,75
15-Feb-24,GSTSAL/2258,UNITY HOSPITALS,10000.0,15-Feb-24,74
