Date,Ref. No.,Party's Name,Pending,Due on,Overdue
31-Mar-21,894,ANIL NEERUKONDA EDUCATIONAL SOCIETY,2408.00,31-Mar-21,"1,051"
17-Dec-21,921,Q1 BONE & JOINT HOSPITAL,18638.00,17-Dec-21,790
4-Jan-22,998,VIJAY ORTHOPEDIC & ACCIDENT CARE HOSPITAL,119750.00,4-Jan-22,772
27-Mar-22,1423,KRISHNA INSTITUTE OF MEDICAL SCIENCES LTD NELLORE,1.00,27-Mar-22,690
31-Mar-22,1252,"RAMESH HOSPITAL PRIVATE LIMITED, Vijayawada",60000.00,31-Mar-22,686
31-Mar-22,OP,SRI SWARUPA SUPER SPECIALITY HOSPITAL,37302.00,31-Mar-22,686
31-Mar-22,323,SWETHA PHARMACY,43125.00,31-Mar-22,686
31-Mar-22,302,SWETHA PHARMACY,56875.00,31-Mar-22,686
31-Mar-22,Opp,TRUST PHARMACEUTICALS,283801.00,31-Mar-22,686
2-Apr-22,GSTSAL/3,M.J.NAIDU SUPER SPECIALITY HOSPITALS,0.30,2-Apr-22,684
6-Apr-22,20,TRUST PHARMACEUTICALS,29099.00,6-Apr-22,680
12-Apr-22,GSTSAL/45,KUNDA HOSPITALS,61885.00,12-Apr-22,674
12-Apr-22,40,TRUST PHARMACEUTICALS,35594.00,12-Apr-22,674
12-Apr-22,43,TRUST PHARMACEUTICALS,37042.00,12-Apr-22,674
12-Apr-22,44,TRUST PHARMACEUTICALS,16285.00,12-Apr-22,674
13-Apr-22,55,TRUST PHARMACEUTICALS,13998.00,13-Apr-22,673
13-Apr-22,56,TRUST PHARMACEUTICALS,21891.00,13-Apr-22,673
14-Apr-22,GSTSAL/61,KUNDA HOSPITALS,58000.00,14-Apr-22,672
16-Apr-22,GSTSAL/77,NANDAN HOSPITALS,60323.00,16-Apr-22,670
16-Apr-22,GSTSAL/68,NRI ACADEMY OF SCIENCES PHARMACY STORES,46882.00,16-Apr-22,670
18-Apr-22,78,TRUST PHARMACEUTICALS,4666.00,18-Apr-22,668
19-Apr-22,GSTSAL/93,NANDAN HOSPITALS,24500.00,19-Apr-22,667
19-Apr-22,GSTSAL/92,SAMUDRA HEALTHCARE ENTERPRISE LIMITED,22575.00,19-Apr-22,667
19-Apr-22,90,TRUST PHARMACEUTICALS,58959.00,19-Apr-22,667
20-Apr-22,106,TRUST PHARMACEUTICALS,26452.00,20-Apr-22,666
22-Apr-22,115,TRUST PHARMACEUTICALS,37041.00,22-Apr-22,664
23-Apr-22,GSTSAL/123,USHA ENTERPRISES,17850.00,23-Apr-22,663
28-Apr-22,GSTSAL/153,KRISHNA INSTITUTE OF MEDICAL SCIENCES LTD NELLORE,65000.00,28-Apr-22,658
28-Apr-22,155,TRUST PHARMACEUTICALS,23493.00,28-Apr-22,658
2-May-22,170,TRUST PHARMACEUTICALS,7341.00,2-May-22,654
2-May-22,171,TRUST PHARMACEUTICALS,49361.00,2-May-22,654
3-May-22,177,TRUST PHARMACEUTICALS,20462.00,3-May-22,653
8-May-22,197,TRUST PHARMACEUTICALS,53072.00,8-May-22,648
16-May-22,GSTSAL/251,NANDAN HOSPITALS,117857.00,16-May-22,640
16-May-22,250,TRUST PHARMACEUTICALS,26459.00,16-May-22,640
21-May-22,GSTSAL/294,NANDAN HOSPITALS,117857.00,21-May-22,635
23-May-22,299,TRUST PHARMACEUTICALS,17085.00,23-May-22,633
23-May-22,300,TRUST PHARMACEUTICALS,21196.00,23-May-22,633
24-May-22,GSTSAL/308,RAMEEZA ORTHOPEDIC CENTRE(CASH BILLS),44000.00,24-May-22,632
24-May-22,GSTSAL/307,VARUNI SURGICALS,6384.00,24-May-22,632
28-May-22,329,TRUST PHARMACEUTICALS,18422.00,28-May-22,628
30-May-22,339,TRUST PHARMACEUTICALS,27310.00,30-May-22,626
3-Jun-22,GSTSAL/369,A J SURGICALS,3285.00,3-Jun-22,622
4-Jun-22,GSTSAL/373,A J SURGICALS,9555.00,4-Jun-22,621
8-Jun-22,GSTSAL/384,"SHREYA''''S ORTHO, SKIN MULTISPECIALITY HOSPITAL",33040.00,8-Jun-22,617
9-Jun-22,RI22607765,STRYKER INDIA PVT LIMITED,0.40,9-Jun-22,616
10-Jun-22,GSTSAL/402,SENTHINI HOSPITALS,20000.00,10-Jun-22,615
13-Jun-22,73,OSTEOCARE MEDICAL PRIVATE LIMITED,364275.00,13-Jun-22,612
13-Jun-22,GT/334,OSTEOCARE MEDICAL PRIVATE LIMITED,52586.00,13-Jun-22,612
13-Jun-22,GSTSAL/420,ROOPA ORTHOPAEDIC & MULTI SPECIALITY HOSPITAL,19400.00,13-Jun-22,612
15-Jun-22,GSTSAL/430,ANIL NEERUKONDA EDUCATIONAL SOCIETY,1894.00,15-Jun-22,610
18-Jun-22,GSTSAL/467,L G MEDICAL SPECIALITIES,1568.00,18-Jun-22,607
20-Jun-22,GSTSAL/473,PUSHPA INDO - BRITISH PHARMACY,175.00,20-Jun-22,605
20-Jun-22,GSTSAL/472,SRI SAI GANESH MEDICALS,46619.00,20-Jun-22,605
25-Jun-22,GSTSAL/515,"RAMESH HOSPITALS PVT LIMITED, GUNTUR",0.50,25-Jun-22,600
1-Jul-22,GSTSAL/573,A J SURGICALS,5181.00,1-Jul-22,594
5-Jul-22,GSTSAL/604,IMPERIAL HOSPITAL,61885.00,5-Jul-22,590
11-Jul-22,GSTSAL/654,TULASI MULTISPECIALITY HOSPITALS,27753.00,11-Jul-22,584
16-Jul-22,GSTSAL/686,SRAVANI HOSPITAL,500.00,16-Jul-22,579
21-Jul-22,GSTSAL/721,"RAMESH HOSPITALS PVT LIMITED, GUNTUR",0.50,21-Jul-22,574
23-Jul-22,GSTSAL/745,MP&EEH&MW TRUST KIMS ICON HOSPITAL,971.00,23-Jul-22,572
26-Jul-22,GSTSAL/780,BIRRD TRUST HOSPITAL,2511.00,26-Jul-22,569
26-Jul-22,GSTSAL/781,SRI SWARUPA SUPER SPECIALITY HOSPITAL,26594.00,26-Jul-22,569
29-Jul-22,GSTSAL/159,Sanjeevi Hospital,1997.00,29-Jul-22,566
1-Aug-22,4,SURGIMADE,14425.00,1-Aug-22,563
5-Aug-22,GSTSAL/830,R V R HOSPITALS PRIVATE LIMITED,0.50,5-Aug-22,559
9-Aug-22,GSTSAL/846,Seshadri Super Speciality Hospital,23600.00,9-Aug-22,555
10-Aug-22,GSTSAL/862,APOLLO HOSPITALS ENTERPRISE LIMITED,18469.00,10-Aug-22,554
17-Aug-22,GSTSAL/902,SAGAR DURGA HOSPITAL,6938.00,17-Aug-22,547
22-Aug-22,GSTSAL/932,SAGAR DURGA HOSPITAL,12704.00,22-Aug-22,542
26-Aug-22,GSTSAL/969,AKSHARA HOSPITAL,20199.70,26-Aug-22,538
27-Aug-22,GSTSAL/982,SRI BHUVANTEJ ENTERPRISES,3689.00,27-Aug-22,537
30-Aug-22,GSTSAL/994,AKSHARA HOSPITAL,2800.00,30-Aug-22,534
6-Sep-22,GSTSAL/1039,SRAVANI HOSPITAL,56875.00,6-Sep-22,527
8-Sep-22,GSTSAL/1050,SRAVANI HOSPITAL,56875.00,8-Sep-22,525
9-Sep-22,GSTSAL/1064,SAGAR DURGA HOSPITAL,3671.00,9-Sep-22,524
12-Sep-22,GSTSAL/1084,A.R.SURGICALS,6056.00,12-Sep-22,521
12-Sep-22,GSTSAL/1089,INCOR HOSPITALS VIZAG PRIVATE LIMITED,42625.00,12-Sep-22,521
12-Sep-22,GSTSAL/1088,PINNAMANENI SIDDARTHA INSTITUTE OF MEDICAL SC,2509.00,12-Sep-22,521
16-Sep-22,GSTSAL/1125,INCOR HOSPITALS VIZAG PRIVATE LIMITED,15225.00,16-Sep-22,517
19-Sep-22,GSTSAL/1139,PINNAMANENI SIDDARTHA INSTITUTE OF MEDICAL SC,3491.00,19-Sep-22,514
23-Sep-22,GSTSAL/1164,PINNAMANENI SIDDARTHA INSTITUTE OF MEDICAL SC,6000.00,23-Sep-22,510
28-Sep-22,GSTSAL/1189,MEDICOVER PHARMACY,23048.00,28-Sep-22,505
29-Sep-22,GSTSAL/1196,PINNAMANENI SIDDARTHA INSTITUTE OF MEDICAL SC,5000.00,29-Sep-22,504
1-Oct-22,GSTSAL/1214,A.R.SURGICALS,16000.00,1-Oct-22,502
1-Oct-22,1209,TRUST PHARMACEUTICALS,54754.00,1-Oct-22,502
6-Oct-22,GSTSAL/1230,L G MEDICAL SPECIALITIES,3000.00,6-Oct-22,497
11-Oct-22,GSTSAL/1257,"SHREYA''''S ORTHO, SKIN MULTISPECIALITY HOSPITAL",12000.00,11-Oct-22,492
17-Oct-22,GSTSAL/1302,EVR HEALTH CARE PHARMACY,46997.00,17-Oct-22,486
19-Oct-22,GSTSAL/1316,A.R.SURGICALS,3791.00,19-Oct-22,484
21-Oct-22,GSTSAL/1332,A J SURGICALS,7500.00,21-Oct-22,482
28-Oct-22,GSTSAL/1373,TIME HOSPITALS PVT LIMITED,125101.00,28-Oct-22,475
29-Oct-22,GSTSAL/1380,A J SURGICALS,5513.00,29-Oct-22,474
31-Oct-22,GSTSAL/1388,A J SURGICALS,3545.00,31-Oct-22,472
31-Oct-22,GSTSAL/1389,AKSHARA HOSPITAL,1.00,31-Oct-22,472
7-Nov-22,GSTSAL/1420,SANJIVI HOSPITALS,18814.10,7-Nov-22,465
8-Nov-22,GSTSAL/1424,KMR PHARMACY,85000.00,8-Nov-22,464
11-Nov-22,GSTSAL/1440,SRAVANI HOSPITAL,58000.00,11-Nov-22,461
16-Nov-22,GSTSAL/1457,A.R.SURGICALS,2594.00,16-Nov-22,456
16-Nov-22,1459,TRUST PHARMACEUTICALS,50361.00,16-Nov-22,456
17-Nov-22,GSTSAL/1464,M/S CHANDRA PHARMACEUTICALS DISTRIBUTORS,66150.00,17-Nov-22,455
19-Nov-22,GSTSAL/1484,INCOR HOSPITALS VIZAG PRIVATE LIMITED,29453.00,19-Nov-22,453
19-Nov-22,GSTSAL/1483,INCOR HOSPITALS VIZAG PRIVATE LIMITED,26303.00,19-Nov-22,453
21-Nov-22,GSTSAL/1494,INCOR HOSPITALS VIZAG PRIVATE LIMITED,27458.00,21-Nov-22,451
21-Nov-22,GSTSAL/1492,RAJA ORTHOPAEDIC HOSPITAL,21000.00,21-Nov-22,451
26-Nov-22,GSTSAL/1523,BIRRD TRUST HOSPITAL,529.00,26-Nov-22,446
29-Nov-22,1539,TRUST PHARMACEUTICALS,26097.00,29-Nov-22,443
30-Nov-22,GSTSAL/1544,INCOR HOSPITALS VIZAG PRIVATE LIMITED,29154.00,30-Nov-22,442
3-Dec-22,GSTSAL/1565,SRAVANI HOSPITAL,58000.00,3-Dec-22,439
5-Dec-22,GSTSAL/1567,BISHAK PHARMA PRIVATE LIMITED,19000.00,5-Dec-22,437
7-Dec-22,GSTSAL/1592,KUNDA HOSPITALS,20000.00,7-Dec-22,435
10-Dec-22,GSTSAL/1611,VARUNI SURGICALS,6000.00,10-Dec-22,432
12-Dec-22,GSTSAL/1623,MYTHREE MEDICAL SERVICES LLP,4.00,12-Dec-22,430
18-Dec-22,GSTSAL/1665,RAJA ORTHOPAEDIC HOSPITAL,12000.00,18-Dec-22,424
19-Dec-22,GSTSAL/1669,QUALITY CARE INDIA LIMITED,6028.00,19-Dec-22,423
20-Dec-22,GSTSAL/1676,A J SURGICALS,5000.00,20-Dec-22,422
20-Dec-22,GSTSAL/1673,QUALITY CARE INDIA LIMITED,5130.00,20-Dec-22,422
22-Dec-22,GSTSAL/1687,A J SURGICALS,17000.00,22-Dec-22,420
26-Dec-22,GSTSAL/1710,INCOR HOSPITALS VIZAG PRIVATE LIMITED,2931.00,26-Dec-22,416
26-Dec-22,GSTSAL/1704,KUNDA HOSPITALS,20000.00,26-Dec-22,416
26-Dec-22,GSTSAL/1707,SENTHINI HOSPITALS,4276.00,26-Dec-22,416
27-Dec-22,GSTSAL/1714,QUALITY CARE INDIA LIMITED,22373.00,27-Dec-22,415
30-Dec-22,GSTSAL/1742,INCOR HOSPITALS VIZAG PRIVATE LIMITED,29154.00,30-Dec-22,412
30-Dec-22,GSTSAL/1738,VARUNI SURGICALS,6000.00,30-Dec-22,412
31-Dec-22,GSTSAL/1749,A.R.SURGICALS,2352.00,31-Dec-22,411
3-Jan-23,GSTSAL/1761,QUALITY CARE INDIA LIMITED,30125.00,3-Jan-23,408
7-Jan-23,GSTSAL/1768,VARUNI SURGICALS,2000.00,7-Jan-23,404
9-Jan-23,GSTSAL/1788,KRISHNA INSTITUTE OF MEDICAL SCIENCES LTD NELLORE,840.00,9-Jan-23,402
9-Jan-23,1782,TRUST PHARMACEUTICALS,17212.00,9-Jan-23,402
11-Jan-23,GSTSAL/1799,KUNDA HOSPITALS,20000.00,11-Jan-23,400
12-Jan-23,GSTSAL/1807,AAYUSH NRI LEPL HEALTHCARE PRIVATE LIMITED,24137.00,12-Jan-23,399
13-Jan-23,GSTSAL/1817,KUNDA HOSPITALS,20000.00,13-Jan-23,398
13-Jan-23,GSTSAL/1814,SURYA HOSPITAL (KADAPA),36000.00,13-Jan-23,398
16-Jan-23,1825,TRUST PHARMACEUTICALS,26696.00,16-Jan-23,395
18-Jan-23,GSTSAL/1836,INCOR HOSPITALS VIZAG PRIVATE LIMITED,27930.00,18-Jan-23,393
18-Jan-23,1833,TRUST PHARMACEUTICALS,25095.00,18-Jan-23,393
19-Jan-23,GSTSAL/1841,DR.SAI KRISHNA MS(ORTHO),3800.00,19-Jan-23,392
19-Jan-23,GSTSAL/1842,"SHREYA''''S ORTHO, SKIN MULTISPECIALITY HOSPITAL",8000.00,19-Jan-23,392
20-Jan-23,GSTSAL/1843,AAYUSH NRI LEPL HEALTHCARE PRIVATE LIMITED,35000.00,20-Jan-23,391
21-Jan-23,GSTSAL/1850,A J SURGICALS,2982.00,21-Jan-23,390
28-Jan-23,GSTSAL/1883,INCOR HOSPITALS VIZAG PRIVATE LIMITED,32025.00,28-Jan-23,383
28-Jan-23,GSTSAL/1888,QUEENS NRI HOSPITALS,26796.00,28-Jan-23,383
28-Jan-23,GSTSAL/1884,QUEENS NRI HOSPITALS,95393.00,28-Jan-23,383
31-Jan-23,GSTSAL/1898,AAYUSH NRI LEPL HEALTHCARE PRIVATE LIMITED,28613.00,31-Jan-23,380
31-Jan-23,GSTSAL/1902,BIRRD TRUST HOSPITAL,712.00,31-Jan-23,380
1-Feb-23,GSTSAL/1904,A J SURGICALS,6274.00,1-Feb-23,379
1-Feb-23,GSTSAL/1903,MANIPAL OT PHARMACY,15499.40,1-Feb-23,379
1-Feb-23,GSTSAL/1908,VARUNI SURGICALS,6000.00,1-Feb-23,379
2-Feb-23,1913,TRUST PHARMACEUTICALS,36002.00,2-Feb-23,378
6-Feb-23,GSTSAL/1929,KUNDA HOSPITALS,20000.00,6-Feb-23,374
7-Feb-23,GSTSAL/1932,KUNDA HOSPITALS,20000.00,7-Feb-23,373
7-Feb-23,1931,TRUST PHARMACEUTICALS,52992.00,7-Feb-23,373
8-Feb-23,GSTSAL/1944,MISO HEALTHCARE PRIVATE LIMITED,1800.00,8-Feb-23,372
15-Feb-23,GSTSAL/1969,INODAYA HOSPITAL,36500.00,15-Feb-23,365
16-Feb-23,R322601631,STRYKER INDIA PVT LIMITED,3.83,2-Apr-23,319
17-Feb-23,GSTSAL/1982,INCOR HOSPITALS VIZAG PRIVATE LIMITED,20160.00,17-Feb-23,363
20-Feb-23,GSTSAL/2005,KANUMURI PHARMACY,1.00,20-Feb-23,360
21-Feb-23,GSTSAL/2006,RAJA ORTHOPAEDIC HOSPITAL,25000.00,21-Feb-23,359
21-Feb-23,GSTSAL/2008,R.S.ENTERPRISES(BANGALORE)PVT. LTD,31029.66,21-Feb-23,359
22-Feb-23,GSTSAL/2023,A J SURGICALS,168.00,22-Feb-23,358
22-Feb-23,GSTSAL/2014,A.R.SURGICALS,3500.00,22-Feb-23,358
22-Feb-23,GSTSAL/2015,A.R.SURGICALS,2846.00,22-Feb-23,358
22-Feb-23,GSTSAL/2013,LIFE CARE SURGICALS,3885.00,22-Feb-23,358
23-Feb-23,GSTSAL/2034,BIRRD TRUST HOSPITAL,529.00,23-Feb-23,357
28-Feb-23,2059,PINNAMANENI SIDDARTHA INSTITUTE OF MEDICAL SC,5000.00,28-Feb-23,352
3-Mar-23,GSTSAL/2075,SAGAR DURGA HOSPITAL,500.00,3-Mar-23,349
3-Mar-23,GSTSAL/2080,TIME HOSPITALS PVT LIMITED,8400.00,3-Mar-23,349
6-Mar-23,GSTSAL/2102,A J SURGICALS,1260.00,6-Mar-23,346
6-Mar-23,GSTSAL/2096,TIME HOSPITALS PVT LIMITED,4200.00,6-Mar-23,346
8-Mar-23,GSTSAL/2113,R V R HOSPITALS PRIVATE LIMITED,2200000.00,8-Mar-23,344
10-Mar-23,GSTSAL/2126,SRI ANU HOSPITALS PRIVATE LIMITED,28003.00,10-Mar-23,342
10-Mar-23,GSTSAL/2133,SRI BHUVANTEJ ENTERPRISES,780.00,10-Mar-23,342
13-Mar-23,GSTSAL/2139,MIMSMEDICALS2 SRI RAMA EDUCATIONAL TRUST,50882.00,13-Mar-23,339
14-Mar-23,GSTSAL/2144,AAYUSH NRI LEPL HEALTHCARE PRIVATE LIMITED,11731.00,14-Mar-23,338
14-Mar-23,GSTSAL/2143,AAYUSH NRI LEPL HEALTHCARE PRIVATE LIMITED,29216.00,14-Mar-23,338
14-Mar-23,GSTSAL/2146,QUEENS NRI HOSPITALS,47250.00,14-Mar-23,338
15-Mar-23,GSTSAL/2160,A-1 SERVICES,8500.00,15-Mar-23,337
16-Mar-23,GSTSAL/2167,AMARA PHARMACY,2410.00,16-Mar-23,336
18-Mar-23,GSTSAL/2179,LIFE CARE SURGICALS,17359.00,18-Mar-23,334
18-Mar-23,GSTSAL/2184,SWETHA PHARMACY,82000.00,18-Mar-23,334
20-Mar-23,GSTSAL/2194,AAYUSH NRI LEPL HEALTHCARE PRIVATE LIMITED,28613.00,20-Mar-23,332
20-Mar-23,GSTSAL/2195,AAYUSH NRI LEPL HEALTHCARE PRIVATE LIMITED,61850.00,20-Mar-23,332
20-Mar-23,GSTSAL/2193,SANGHAMITHRA HOSPITALS PRIVATE LIMITED,40530.00,20-Mar-23,332
23-Mar-23,GSTSAL/2208,MIMSMEDICALS2 SRI RAMA EDUCATIONAL TRUST,50882.00,23-Mar-23,329
23-Mar-23,GSTSAL/2210,SWETHA PHARMACY,117100.00,23-Mar-23,329
24-Mar-23,GSTSAL/2216,QUALITY CARE INDIA LIMITED,1.00,24-Mar-23,328
25-Mar-23,GSTSAL/2222,LIKITHA HOSPITALS,31322.00,25-Mar-23,327
25-Mar-23,GSTSAL/2219,NANDAN HOSPITALS,90000.00,25-Mar-23,327
27-Mar-23,GSTSAL/2238,RSV SURGICALS AND MEDICALS,5175.00,27-Mar-23,325
28-Mar-23,GSTSAL/2247,A.R.SURGICALS,4000.00,28-Mar-23,324
28-Mar-23,GSTSAL/2243,VARUNI SURGICALS,7000.00,28-Mar-23,324
29-Mar-23,GSTSAL/2253,MIMSMEDICALS2 SRI RAMA EDUCATIONAL TRUST,50882.00,29-Mar-23,323
29-Mar-23,GSTSAL/2254,SANKALPA HOSPITAL(GUNTUR),94.00,29-Mar-23,323
30-Mar-23,GSTSAL/2259,A.R.SURGICALS,4373.00,30-Mar-23,322
31-Mar-23,GSTSAL/2267,ROOPA ORTHOPAEDIC & MULTI SPECIALITY HOSPITAL,8500.00,31-Mar-23,321
1-Apr-23,GSTSAL/2,SRAVANI HOSPITAL,60600.00,1-Apr-23,320
1-Apr-23,12,SURYA GLOBAL HOSPITALS PRIVATE LIMITED,10974.00,1-Apr-23,320
3-Apr-23,329,ASHOKA SURGICAL WORK,8626.00,3-Apr-23,318
5-Apr-23,GSTSAL/21,MIMSMEDICALS2 SRI RAMA EDUCATIONAL TRUST,68885.00,5-Apr-23,316
8-Apr-23,GSTSAL/39,SRI RAVI HOSPITALS,600.00,8-Apr-23,313
10-Apr-23,GSTSAL/53,MEDICOVER PHARMACY,32000.00,10-Apr-23,311
10-Apr-23,GSTSAL/46,"SHREYA''''S ORTHO, SKIN MULTISPECIALITY HOSPITAL",415.00,10-Apr-23,311
11-Apr-23,GSTSAL/56,NANDAN HOSPITALS,69510.00,11-Apr-23,310
12-Apr-23,GSTSAL/68,A.R.SURGICALS,2258.00,12-Apr-23,309
12-Apr-23,RI23600879,STRYKER INDIA PVT LIMITED,2112.24,27-May-23,264
13-Apr-23,GSTSAL/74,TIME HOSPITALS PVT LIMITED,63910.00,13-Apr-23,308
15-Apr-23,GSTSAL/82,MEDICOVER PHARMACY,1.53,15-Apr-23,306
15-Apr-23,GSTSAL/85,SRAVANI HOSPITAL,62551.00,15-Apr-23,306
15-Apr-23,GSTSAL/86,SRAVANI HOSPITAL,62551.00,15-Apr-23,306
17-Apr-23,GSTSAL/96,SRI SWARUPA SUPER SPECIALITY HOSPITAL,2100.00,17-Apr-23,304
18-Apr-23,GSTSAL/110,A.R.SURGICALS,3507.00,18-Apr-23,303
24-Apr-23,GSTSAL/134,SRI ANU HOSPITALS PRIVATE LIMITED,63910.00,24-Apr-23,297
25-Apr-23,GSTSAL/143,SRI ANU HOSPITALS PRIVATE LIMITED,46997.00,25-Apr-23,296
26-Apr-23,GSTSAL/151,A J SURGICALS,2000.00,26-Apr-23,295
26-Apr-23,GSTSAL/152,VARUNI SURGICALS,2345.00,26-Apr-23,295
27-Apr-23,GSTSAL/162,VARUNI SURGICALS,3500.00,27-Apr-23,294
30-Apr-23,GSTSAL/480,SAI GODAVARI MEDICALS,13550.00,30-Apr-23,291
1-May-23,GSTSAL/185,INCOR HOSPITALS VIZAG PRIVATE LIMITED,33117.00,1-May-23,290
2-May-23,GSTSAL/196,BISHAK PHARMA PRIVATE LIMITED,26687.00,2-May-23,289
3-May-23,GSTSAL/204,INCOR HOSPITALS VIZAG PRIVATE LIMITED,1642.00,3-May-23,288
8-May-23,GSTSAL/236,MISO HEALTHCARE PRIVATE LIMITED,27351.00,8-May-23,283
9-May-23,GSTSAL/253,A.R.SURGICALS,1901.00,9-May-23,282
9-May-23,GSTSAL/250,MISO HEALTHCARE PRIVATE LIMITED,19600.00,9-May-23,282
10-May-23,GSTSAL/255,TIME HOSPITALS PVT LIMITED,127821.00,10-May-23,281
13-May-23,GSTSAL/278,SURYA HOSPITAL (KADAPA),41082.00,13-May-23,278
15-May-23,GSTSAL/288,DELTA PHARMACY(CENTRAL STORE),1.00,15-May-23,276
16-May-23,GSTSAL/289,MISO HEALTHCARE PRIVATE LIMITED,93994.00,16-May-23,275
16-May-23,GSTSAL/291,MISO HEALTHCARE PRIVATE LIMITED,19600.00,16-May-23,275
16-May-23,GSTSAL/293,MISO HEALTHCARE PRIVATE LIMITED,72500.00,16-May-23,275
16-May-23,GSTSAL/295,M/S CHANDRA PHARMACEUTICALS DISTRIBUTORS,36691.00,16-May-23,275
17-May-23,GSTSAL/298,MISO HEALTHCARE PRIVATE LIMITED,82996.00,17-May-23,274
18-May-23,GSTSAL/317,A J SURGICALS,9210.00,18-May-23,273
18-May-23,GSTSAL/306,MISO HEALTHCARE PRIVATE LIMITED,111063.00,18-May-23,273
18-May-23,GSTSAL/307,MISO HEALTHCARE PRIVATE LIMITED,19600.00,18-May-23,273
18-May-23,GSTSAL/313,RSV SURGICALS AND MEDICALS,2600.00,18-May-23,273
19-May-23,GSTSAL/325,A.R.SURGICALS,22575.00,19-May-23,272
19-May-23,GSTSAL/320,MISO HEALTHCARE PRIVATE LIMITED,82996.00,19-May-23,272
19-May-23,GSTSAL/321,MISO HEALTHCARE PRIVATE LIMITED,93994.00,19-May-23,272
20-May-23,GSTSAL/328,SRAVANI HOSPITAL,60600.00,20-May-23,271
22-May-23,GSTSAL/334,SAILAJA HOSPITAL (CASH),4500.00,22-May-23,269
22-May-23,GSTSAL/333,VARUNI SURGICALS,410.00,22-May-23,269
26-May-23,GSTSAL/359,MISO HEALTHCARE PRIVATE LIMITED,50000.00,26-May-23,265
26-May-23,GSTSAL/360,SRAVANI HOSPITAL (CASH),51000.00,26-May-23,265
27-May-23,GSTSAL/374,BISHAK PHARMA PRIVATE LIMITED,20066.00,27-May-23,264
27-May-23,GSTSAL/375,MISO HEALTHCARE PRIVATE LIMITED,33600.00,27-May-23,264
29-May-23,GSTSAL/390,SRAVANI HOSPITAL,62551.00,29-May-23,262
30-May-23,GSTSAL/394,BISHAK PHARMA PRIVATE LIMITED,6006.00,30-May-23,261
30-May-23,GSTSAL/396,TRUST PHARMACEUTICALS,1.00,30-May-23,261
31-May-23,GSTSAL/400,MUGU SIVA,4000.00,31-May-23,260
3-Jun-23,GSTSAL/421,APOLLO HOSPITALS HEALTH CITY,1.00,3-Jun-23,257
5-Jun-23,GSTSAL/426,KUNDA HOSPITALS,11648.00,5-Jun-23,255
6-Jun-23,GSTSAL/438,MISO HEALTHCARE PRIVATE LIMITED,12600.00,6-Jun-23,254
7-Jun-23,GSTSAL/447,(CASH)All India Institute of Medical Sciences(AIIMS,63500.00,7-Jun-23,253
7-Jun-23,GSTSAL/445,DR RAMESH CARDIAC AND MULTISPECIALITY HOSPITAL PVT LTD,0.50,7-Jun-23,253
7-Jun-23,GSTSAL/448,MANIPAL OT PHARMACY,0.32,7-Jun-23,253
7-Jun-23,GSTSAL/446,MISO HEALTHCARE PRIVATE LIMITED,22680.00,7-Jun-23,253
8-Jun-23,GSTSAL/454,MISO HEALTHCARE PRIVATE LIMITED,19600.00,8-Jun-23,252
8-Jun-23,GSTSAL/455,MISO HEALTHCARE PRIVATE LIMITED,2800.00,8-Jun-23,252
8-Jun-23,GSTSAL/457,R V R HOSPITALS PRIVATE LIMITED,35550.00,8-Jun-23,252
8-Jun-23,GSTSAL/458,R V R HOSPITALS PRIVATE LIMITED,16145.00,8-Jun-23,252
9-Jun-23,GSTSAL/459,R V R HOSPITALS PRIVATE LIMITED,53045.00,9-Jun-23,251
10-Jun-23,GSTSAL/469,MISO HEALTHCARE PRIVATE LIMITED,6500.00,10-Jun-23,250
12-Jun-23,GSTSAL/484,BISHAK PHARMA PRIVATE LIMITED,16000.00,12-Jun-23,248
12-Jun-23,GSTSAL/479,CHIRANJEEVI HOSPITAL,14818.00,12-Jun-23,248
13-Jun-23,GSTSAL/487,A.R.SURGICALS,3780.00,13-Jun-23,247
14-Jun-23,GSTSAL/495,BISHAK PHARMA PRIVATE LIMITED,32000.00,14-Jun-23,246
14-Jun-23,GSTSAL/492,MISO HEALTHCARE PRIVATE LIMITED,14000.00,14-Jun-23,246
15-Jun-23,GSTSAL/502,KUNDA HOSPITALS,14000.00,15-Jun-23,245
15-Jun-23,GSTSAL/509,SURYA HOSPITAL (KADAPA),2415.00,15-Jun-23,245
16-Jun-23,GSTSAL/512,MISO HEALTHCARE PRIVATE LIMITED,16500.00,16-Jun-23,244
16-Jun-23,GSTSAL/513,MISO HEALTHCARE PRIVATE LIMITED,35000.00,16-Jun-23,244
16-Jun-23,GSTSAL/514,MISO HEALTHCARE PRIVATE LIMITED,10000.00,16-Jun-23,244
16-Jun-23,RI23607272,STRYKER INDIA PVT LIMITED,68409.54,31-Jul-23,199
17-Jun-23,GSTSAL/521,BISHAK PHARMA PRIVATE LIMITED,26675.00,17-Jun-23,243
17-Jun-23,GSTSAL/525,MISO HEALTHCARE PRIVATE LIMITED,98600.00,17-Jun-23,243
17-Jun-23,GSTSAL/528,RSV SURGICALS AND MEDICALS,168.00,17-Jun-23,243
19-Jun-23,GSTSAL/532,M/S CHANDRA PHARMACEUTICALS DISTRIBUTORS,92816.00,19-Jun-23,241
19-Jun-23,GSTSAL/534,SRAVANI HOSPITAL,58000.00,19-Jun-23,241
19-Jun-23,GSTSAL/536,SRAVANI HOSPITAL,62551.00,19-Jun-23,241
20-Jun-23,GSTSAL/548,M/S CHANDRA PHARMACEUTICALS DISTRIBUTORS,34620.00,20-Jun-23,240
21-Jun-23,GSTSAL/558,KUNDA HOSPITALS,72960.00,21-Jun-23,239
23-Jun-23,GSTSAL/575,S.MAHESWARI,64042.24,23-Jun-23,237
24-Jun-23,GSTSAL/580,SRAVANI HOSPITAL,62551.00,24-Jun-23,236
26-Jun-23,GSTSAL/586,SENTHINI HOSPITALS,31360.00,26-Jun-23,234
27-Jun-23,GSTSAL/593,MISO HEALTHCARE PRIVATE LIMITED,25200.00,27-Jun-23,233
28-Jun-23,GSTSAL/605,AMARA PHARMACY,9.00,28-Jun-23,232
29-Jun-23,GSTSAL/611,KRISHNA INSTITUTE OF MEDICAL SCIENCES LTD NELLORE,2.00,29-Jun-23,231
29-Jun-23,GSTSAL/609,KUNDA HOSPITALS,44000.00,29-Jun-23,231
1-Jul-23,GSTSAL/625,MISO HEALTHCARE PRIVATE LIMITED,14000.00,1-Jul-23,229
1-Jul-23,GSTSAL/627,MISO HEALTHCARE PRIVATE LIMITED,2500.00,1-Jul-23,229
4-Jul-23,GSTSAL/638,MANIPAL OT PHARMACY,0.50,4-Jul-23,226
4-Jul-23,GSTSAL/641,MISO HEALTHCARE PRIVATE LIMITED,13000.00,4-Jul-23,226
4-Jul-23,GSTSAL/642,MISO HEALTHCARE PRIVATE LIMITED,4000.00,4-Jul-23,226
4-Jul-23,GSTSAL/643,MISO HEALTHCARE PRIVATE LIMITED,1943.00,4-Jul-23,226
4-Jul-23,GSTSAL/648,ROOPA ORTHOPAEDIC & MULTI SPECIALITY HOSPITAL,24000.00,4-Jul-23,226
4-Jul-23,GSTSAL/637,SRAVANI HOSPITAL,58000.00,4-Jul-23,226
4-Jul-23,GSTSAL/640,SRI BHUVANTEJ ENTERPRISES,2239.00,4-Jul-23,226
4-Jul-23,GSTSAL/644,TULASI MULTISPECIALITY HOSPITALS,4023.00,4-Jul-23,226
6-Jul-23,GSTSAL/655,MISO HEALTHCARE PRIVATE LIMITED,19600.00,6-Jul-23,224
7-Jul-23,GSTSAL/672,(CASH)SAI SPURTHI MULTI SPECIALITY HOSPITAL,7000.00,7-Jul-23,223
7-Jul-23,GSTSAL/666,SRI ANU HOSPITALS PRIVATE LIMITED,32000.00,7-Jul-23,223
8-Jul-23,GSTSAL/674,BISHAK PHARMA PRIVATE LIMITED,26675.00,8-Jul-23,222
10-Jul-23,GSTSAL/682,MISO HEALTHCARE PRIVATE LIMITED,1500.00,10-Jul-23,220
11-Jul-23,GSTSAL/685,LIFE CARE SURGICALS,1213.00,11-Jul-23,219
13-Jul-23,GSTSAL/702,KUNDA HOSPITALS,135591.00,13-Jul-23,217
13-Jul-23,GSTSAL/703,SWASTATA AGENCIES,6500.00,13-Jul-23,217
14-Jul-23,GSTSAL/711,INODAYA HOSPITAL,15000.00,14-Jul-23,216
15-Jul-23,GSTSAL/714,BISHAK PHARMA PRIVATE LIMITED,117460.00,15-Jul-23,215
15-Jul-23,GSTSAL/718,EXCEL HEALTHCARE,49933.00,15-Jul-23,215
17-Jul-23,GSTSAL/727,KANUMURI PHARMACY(CASH BILLS),22000.00,17-Jul-23,213
18-Jul-23,GSTSAL/732,MISO HEALTHCARE PRIVATE LIMITED,10800.00,18-Jul-23,212
19-Jul-23,GSTSAL/743,VARUNI SURGICALS,410.00,19-Jul-23,211
20-Jul-23,GSTSAL/745,MISO HEALTHCARE PRIVATE LIMITED,2342.00,20-Jul-23,210
20-Jul-23,GSTSAL/746,MISO HEALTHCARE PRIVATE LIMITED,3675.00,20-Jul-23,210
21-Jul-23,GSTSAL/754,KUNDA HOSPITALS,4500.00,21-Jul-23,209
22-Jul-23,GSTSAL/761,DVC PHARMACY(a unit of sdvc memorial trust),10000.00,22-Jul-23,208
22-Jul-23,GSTSAL/766,TULASI MULTISPECIALITY HOSPITALS,116799.00,22-Jul-23,208
23-Jul-23,GSTSAL/769,SRAVANI HOSPITAL,66436.00,23-Jul-23,207
24-Jul-23,GSTSAL/778,RSV SURGICALS AND MEDICALS,7543.00,24-Jul-23,206
26-Jul-23,GSTSAL/789,MISO HEALTHCARE PRIVATE LIMITED,5187.00,26-Jul-23,204
26-Jul-23,GSTSAL/790,MISO HEALTHCARE PRIVATE LIMITED,672.00,26-Jul-23,204
26-Jul-23,GSTSAL/791,MISO HEALTHCARE PRIVATE LIMITED,4536.00,26-Jul-23,204
26-Jul-23,GSTSAL/792,MISO HEALTHCARE PRIVATE LIMITED,3549.00,26-Jul-23,204
26-Jul-23,GSTSAL/793,MISO HEALTHCARE PRIVATE LIMITED,5355.00,26-Jul-23,204
26-Jul-23,GSTSAL/794,MISO HEALTHCARE PRIVATE LIMITED,13650.00,26-Jul-23,204
27-Jul-23,GSTSAL/798,AAYUSHMAN HOSPITAL,14000.00,27-Jul-23,203
27-Jul-23,GSTSAL/803,BISHAK PHARMA PRIVATE LIMITED,26675.00,27-Jul-23,203
27-Jul-23,GSTSAL/807,RSV SURGICALS AND MEDICALS,14274.00,27-Jul-23,203
27-Jul-23,GSTSAL/806,TULASI MULTISPECIALITY HOSPITALS,27500.00,27-Jul-23,203
29-Jul-23,GSTSAL/820,I.N.H.S. KALYANI HOSPITAL,40950.00,29-Jul-23,201
1-Aug-23,GSTSAL/836,MISO HEALTHCARE PRIVATE LIMITED,79601.00,1-Aug-23,198
2-Aug-23,GSTSAL/841,MISO HEALTHCARE PRIVATE LIMITED,4746.00,2-Aug-23,197
2-Aug-23,GSTSAL/846,SRAVANI HOSPITAL,2.00,2-Aug-23,197
3-Aug-23,GSTSAL/848,QUALITY CARE INDIA LIMITED,1.00,3-Aug-23,196
5-Aug-23,GSTSAL/862,MISO HEALTHCARE PRIVATE LIMITED,10000.00,5-Aug-23,194
5-Aug-23,GSTSAL/860,SRI ANU HOSPITALS PRIVATE LIMITED,48000.00,5-Aug-23,194
7-Aug-23,GSTSAL/869,MISO HEALTHCARE PRIVATE LIMITED,2646.00,7-Aug-23,192
7-Aug-23,GSTSAL/870,MISO HEALTHCARE PRIVATE LIMITED,8747.00,7-Aug-23,192
7-Aug-23,GSTSAL/871,UNITY HOSPITALS,112550.00,7-Aug-23,192
8-Aug-23,GSTSAL/878,INODAYA HOSPITAL,8000.00,8-Aug-23,191
8-Aug-23,GSTSAL/875,MISO HEALTHCARE PRIVATE LIMITED,2835.00,8-Aug-23,191
11-Aug-23,GSTSAL/902,MISO HEALTHCARE PRIVATE LIMITED,1800.00,11-Aug-23,188
11-Aug-23,GSTSAL/904,SWASTATA AGENCIES,109500.00,11-Aug-23,188
11-Aug-23,GSTSAL/903,UNITY HOSPITALS,25300.00,11-Aug-23,188
14-Aug-23,GSTSAL/922,.R.RATHAIAH,12065.00,14-Aug-23,185
14-Aug-23,GSTSAL/921,UNITY HOSPITALS,24000.00,14-Aug-23,185
16-Aug-23,GSTSAL/936,MISO HEALTHCARE PRIVATE LIMITED,59600.00,16-Aug-23,183
16-Aug-23,GSTSAL/937,MISO HEALTHCARE PRIVATE LIMITED,19600.00,16-Aug-23,183
17-Aug-23,GSTSAL/951,A.R.SURGICALS,4000.00,17-Aug-23,182
17-Aug-23,GSTSAL/949,MISO HEALTHCARE PRIVATE LIMITED,4950.00,17-Aug-23,182
17-Aug-23,GSTSAL/950,MISO HEALTHCARE PRIVATE LIMITED,13755.00,17-Aug-23,182
17-Aug-23,GSTSAL/952,MISO HEALTHCARE PRIVATE LIMITED,3675.00,17-Aug-23,182
17-Aug-23,GSTSAL/953,SVS FACILITY MANAGEMENT SERVICES PRIVATE LIMITED,6843.00,17-Aug-23,182
18-Aug-23,GSTSAL/961,BISHAK PHARMA PRIVATE LIMITED,115518.00,18-Aug-23,181
18-Aug-23,GSTSAL/954,MISO HEALTHCARE PRIVATE LIMITED,1701.00,18-Aug-23,181
18-Aug-23,GSTSAL/955,MISO HEALTHCARE PRIVATE LIMITED,5282.00,18-Aug-23,181
18-Aug-23,GSTSAL/956,MISO HEALTHCARE PRIVATE LIMITED,1800.00,18-Aug-23,181
18-Aug-23,GSTSAL/963,SREE PRATHIMA SUPER SPECIALITY HOSPITAL,5000.00,18-Aug-23,181
18-Aug-23,GSTSAL/957,SVARA KMR HOSPITAL,3864.00,18-Aug-23,181
18-Aug-23,GSTSAL/964,TOPSTARS PHARMACY,11000.00,18-Aug-23,181
18-Aug-23,GSTSAL/965,VARUNI SURGICALS,1995.00,18-Aug-23,181
19-Aug-23,GSTSAL/979,MISO HEALTHCARE PRIVATE LIMITED,1800.00,19-Aug-23,180
19-Aug-23,GSTSAL/975,MISO HEALTHCARE PRIVATE LIMITED,14950.00,19-Aug-23,180
19-Aug-23,GSTSAL/969,NANDAN HOSPITALS,17000.00,19-Aug-23,180
19-Aug-23,GSTSAL/977,SVARA KMR HOSPITAL,2600.00,19-Aug-23,180
19-Aug-23,GSTSAL/978,SVARA KMR HOSPITAL,2000.00,19-Aug-23,180
19-Aug-23,GSTSAL/968,SVS FACILITY MANAGEMENT SERVICES PRIVATE LIMITED,24791.00,19-Aug-23,180
20-Aug-23,GSTSAL/981,INODAYA HOSPITAL,16000.00,20-Aug-23,179
21-Aug-23,GSTSAL/985,KUNDA HOSPITALS,160000.00,21-Aug-23,178
21-Aug-23,GSTSAL/988,SRAVANI HOSPITAL,62551.00,21-Aug-23,178
23-Aug-23,GSTSAL/1002,ANDHRA HOSPITALS(ELURU) PVT LTD,3300.00,23-Aug-23,176
24-Aug-23,GSTSAL/1015,BISHAK PHARMA PRIVATE LIMITED,55949.00,24-Aug-23,175
24-Aug-23,GSTSAL/1014,SURYA HOSPITAL VIZAG,2640.00,24-Aug-23,175
25-Aug-23,GSTSAL/1022,AMARA PHARMACY,2.00,25-Aug-23,174
26-Aug-23,GSTSAL/1032,KUNDA HOSPITALS,22000.00,26-Aug-23,173
26-Aug-23,GSTSAL/1034,MISO HEALTHCARE PRIVATE LIMITED,19600.00,26-Aug-23,173
26-Aug-23,GSTSAL/1035,MISO HEALTHCARE PRIVATE LIMITED,2268.00,26-Aug-23,173
26-Aug-23,GSTSAL/1036,MISO HEALTHCARE PRIVATE LIMITED,7000.00,26-Aug-23,173
26-Aug-23,GSTSAL/1028,SAI BHASKAR MEDICALS,2625.00,26-Aug-23,173
26-Aug-23,GSTSAL/1030,UNITY HOSPITALS,12920.00,26-Aug-23,173
28-Aug-23,GSTSAL/1044,BISHAK PHARMA PRIVATE LIMITED,65002.00,28-Aug-23,171
28-Aug-23,GSTSAL/1047,MISO HEALTHCARE PRIVATE LIMITED,11000.00,28-Aug-23,171
29-Aug-23,GSTSAL/1052,BHIMAVARAM HOSPITALS LIMITED,5318.00,29-Aug-23,170
29-Aug-23,GSTSAL/1050,KRISHNA INSTITUTE OF MEDICAL SCIENCES LTD NELLORE,0.54,29-Aug-23,170
29-Aug-23,GSTSAL/1049,KUNDA HOSPITALS,35000.00,29-Aug-23,170
30-Aug-23,GSTSAL/1054,MISO HEALTHCARE PRIVATE LIMITED,5723.00,30-Aug-23,169
30-Aug-23,GSTSAL/1060,MISO HEALTHCARE PRIVATE LIMITED,79600.00,30-Aug-23,169
31-Aug-23,GSTSAL/1062,A J SURGICALS,61.00,31-Aug-23,168
1-Sep-23,GSTSAL/1066,MISO HEALTHCARE PRIVATE LIMITED,4232.00,1-Sep-23,167
1-Sep-23,GSTSAL/1067,MISO HEALTHCARE PRIVATE LIMITED,2751.00,1-Sep-23,167
2-Sep-23,GSTSAL/1072,A J SURGICALS,630.00,2-Sep-23,166
4-Sep-23,GSTSAL/1081,MISO HEALTHCARE PRIVATE LIMITED,25200.00,4-Sep-23,164
5-Sep-23,GSTSAL/1084,QUALITY CARE INDIA LIMITED,1.00,5-Sep-23,163
6-Sep-23,GSTSAL/1098,BISHAK PHARMA PRIVATE LIMITED,56365.00,6-Sep-23,162
6-Sep-23,GSTSAL/1097,BISHAK PHARMA PRIVATE LIMITED,115518.00,6-Sep-23,162
6-Sep-23,GSTSAL/1086,KUNDA HOSPITALS,20000.00,6-Sep-23,162
6-Sep-23,GSTSAL/1087,KUNDA HOSPITALS,63910.00,6-Sep-23,162
6-Sep-23,GSTSAL/1093,MISO HEALTHCARE PRIVATE LIMITED,14123.00,6-Sep-23,162
6-Sep-23,GSTSAL/1095,MISO HEALTHCARE PRIVATE LIMITED,2709.00,6-Sep-23,162
6-Sep-23,GSTSAL/1096,MISO HEALTHCARE PRIVATE LIMITED,4694.00,6-Sep-23,162
6-Sep-23,GSTSAL/1101,SRI SAI NURSING HOME,50400.00,6-Sep-23,162
7-Sep-23,GSTSAL/1109,BISHAK PHARMA PRIVATE LIMITED,28142.00,7-Sep-23,161
7-Sep-23,GSTSAL/1105,KIMS-ICON CENTRAL PHARMACY STORES,1.00,7-Sep-23,161
8-Sep-23,GSTSAL/1114,MISO HEALTHCARE PRIVATE LIMITED,9435.00,8-Sep-23,160
8-Sep-23,GSTSAL/1116,VARUNI SURGICALS,3280.00,8-Sep-23,160
11-Sep-23,282,ASHOKA SURGICAL WORK,49759.25,11-Sep-23,157
11-Sep-23,302,ASHOKA SURGICAL WORK,41615.20,11-Sep-23,157
12-Sep-23,GSTSAL/1156,"RAMESH HOSPITALS PVT LIMITED, GUNTUR",74519.00,12-Sep-23,156
12-Sep-23,GSTSAL/1155,SVARA KMR HOSPITAL,4589.00,12-Sep-23,156
13-Sep-23,GSTSAL/1162,MISO HEALTHCARE PRIVATE LIMITED,2583.00,13-Sep-23,155
13-Sep-23,GSTSAL/1164,SVS FACILITY MANAGEMENT SERVICES PRIVATE LIMITED,23386.00,13-Sep-23,155
15-Sep-23,GSTSAL/1177,"V.Santosh(C/o: Vr Hospital , Narava)",600.00,15-Sep-23,153
16-Sep-23,GSTSAL/1197,CHIRANJEEVI HOSPITAL,37000.00,16-Sep-23,152
16-Sep-23,GSTSAL/1182,MISO HEALTHCARE PRIVATE LIMITED,2205.00,16-Sep-23,152
16-Sep-23,GSTSAL/1185,MISO HEALTHCARE PRIVATE LIMITED,20000.00,16-Sep-23,152
16-Sep-23,GSTSAL/1183,MISO HEALTHCARE PRIVATE LIMITED,4053.00,16-Sep-23,152
16-Sep-23,GSTSAL/1198,TRINITY MULTISPECIALITY HOSPITAL,48000.00,16-Sep-23,152
19-Sep-23,GSTSAL/1200,MISO HEALTHCARE PRIVATE LIMITED,3843.00,19-Sep-23,149
19-Sep-23,GSTSAL/1207,"RAMESH HOSPITALS PVT LIMITED, GUNTUR",30870.00,27-Oct-23,111
20-Sep-23,GSTSAL/1212,MYTHREE MEDICAL SERVICES LLP,2800.00,20-Sep-23,148
20-Sep-23,GSTSAL/1214,MYTHREE MEDICAL SERVICES LLP,5500.00,20-Sep-23,148
21-Sep-23,GSTSAL/1218,Y.V.SAI BABA,5500.00,21-Sep-23,147
22-Sep-23,GSTSAL/1224,RAMEEZA ORTHOPEDIC CENTRE(CASH BILLS),61000.00,22-Sep-23,146
22-Sep-23,GSTSAL/1228,"RAMESH HOSPITAL PRIVATE LIMITED, Vijayawada",36855.00,22-Sep-23,146
22-Sep-23,GSTSAL/1225,"RAMESH HOSPITALS PVT LIMITED, GUNTUR",30450.00,22-Sep-23,146
23-Sep-23,GSTSAL/1236,BISHAK PHARMA PRIVATE LIMITED,59000.00,23-Sep-23,145
23-Sep-23,GSTSAL/1231,KUNDA HOSPITALS,14112.00,23-Sep-23,145
23-Sep-23,GSTSAL/1238,MM HOSPITAL,55000.00,23-Sep-23,145
23-Sep-23,GSTSAL/1229,SADHANA ORTHOPAEDIC  HOSPITAL NELLORE,44000.00,23-Sep-23,145
25-Sep-23,GSTSAL/1239,MISO HEALTHCARE PRIVATE LIMITED,1050.00,25-Sep-23,143
25-Sep-23,GSTSAL/1242,TOPSTARS PHARMACY,36500.00,25-Sep-23,143
26-Sep-23,GSTSAL/1248,LIFE CARE SURGICALS,4136.00,26-Sep-23,142
26-Sep-23,GSTSAL/1245,MISO HEALTHCARE PRIVATE LIMITED,60000.00,26-Sep-23,142
26-Sep-23,GSTSAL/1247,ORANGE MEDICAL AND HEALTH PVT LTD.,65000.00,26-Sep-23,142
26-Sep-23,GSTSAL/1249,"RAMESH HOSPITALS PVT LIMITED, GUNTUR",19950.00,26-Sep-23,142
27-Sep-23,GSTSAL/1258,MISO HEALTHCARE PRIVATE LIMITED,4148.00,27-Sep-23,141
27-Sep-23,GSTSAL/1261,VARUNI SURGICALS,7000.00,27-Sep-23,141
28-Sep-23,GSTSAL/1273,KRISHNA INSTITUTE OF MEDICAL SCIENCES LTD NELLORE,0.50,28-Sep-23,140
28-Sep-23,GSTSAL/1270,"RAMESH HOSPITALS PVT LIMITED, GUNTUR",30870.00,28-Sep-23,140
29-Sep-23,GSTSAL/1276,DR RAMESH CARDIAC AND MULTISPECIALITY HOSPITAL PVT LTD,51975.00,29-Sep-23,139
29-Sep-23,GSTSAL/1277,MISO HEALTHCARE PRIVATE LIMITED,3276.00,29-Sep-23,139
29-Sep-23,GSTSAL/1280,NAGARJUNA HOSPITALS PRIVATE LIMITED,27300.00,29-Sep-23,139
29-Sep-23,GSTSAL/1275,UNITY HOSPITALS,11678.00,29-Sep-23,139
30-Sep-23,GSTSAL/1289,BISHAK PHARMA PRIVATE LIMITED,4000.00,30-Sep-23,138
30-Sep-23,GSTSAL/1284,"RAMESH HOSPITALS PVT LIMITED, GUNTUR",21000.00,30-Sep-23,138
2-Oct-23,GSTSAL/1290,BE LEAF HOSPITALS,68885.00,2-Oct-23,136
3-Oct-23,GSTSAL/1297,AAYUSH NRI LEPL HEALTHCARE PRIVATE LIMITED,14000.00,3-Oct-23,135
3-Oct-23,GSTSAL/1296,MISO HEALTHCARE PRIVATE LIMITED,10223.00,3-Oct-23,135
3-Oct-23,GSTSAL/1298,MISO HEALTHCARE PRIVATE LIMITED,7350.00,3-Oct-23,135
3-Oct-23,GSTSAL/1299,MISO HEALTHCARE PRIVATE LIMITED,13020.00,3-Oct-23,135
4-Oct-23,GSTSAL/1306,MEDICOVER HOSPITAL (NELLORE),27000.00,4-Oct-23,134
4-Oct-23,GSTSAL/1304,MISO HEALTHCARE PRIVATE LIMITED,2394.00,4-Oct-23,134
5-Oct-23,GSTSAL/1326,INODAYA HOSPITAL,16000.00,5-Oct-23,133
5-Oct-23,GSTSAL/1320,KUNDA HOSPITALS,20000.00,5-Oct-23,133
5-Oct-23,GSTSAL/1321,THE C.M.S,18816.00,5-Oct-23,133
5-Oct-23,GSTSAL/1325,VARUNI SURGICALS,882.00,5-Oct-23,133
6-Oct-23,GSTSAL/1330,AAYUSH NRI LEPL HEALTHCARE PRIVATE LIMITED,28613.00,6-Oct-23,132
7-Oct-23,GSTSAL/1339,AAYUSH NRI LEPL HEALTHCARE PRIVATE LIMITED,44000.00,7-Oct-23,131
7-Oct-23,GSTSAL/1347,DELTA PHARMACY(CENTRAL STORE),34350.00,7-Oct-23,131
7-Oct-23,GSTSAL/1348,DELTA PHARMACY(CENTRAL STORE),28250.00,7-Oct-23,131
7-Oct-23,GSTSAL/1346,DR RAMESH CARDIAC AND MULTISPECIALITY HOSPITAL PVT LTD,29773.00,7-Oct-23,131
7-Oct-23,GSTSAL/1342,LIFE CARE SURGICALS,3280.00,7-Oct-23,131
7-Oct-23,GSTSAL/1340,MISO HEALTHCARE PRIVATE LIMITED,7420.00,7-Oct-23,131
7-Oct-23,GSTSAL/1343,MISO HEALTHCARE PRIVATE LIMITED,15278.00,7-Oct-23,131
7-Oct-23,GSTSAL/1338,SRIJA PHARMACY,12000.00,7-Oct-23,131
7-Oct-23,RM236000592,STRYKER INDIA PVT LIMITED,188763.75,21-Nov-23,86
7-Oct-23,RM23600593,STRYKER INDIA PVT LIMITED,10495.80,21-Nov-23,86
9-Oct-23,GSTSAL/1353,INODAYA HOSPITAL,136500.00,9-Oct-23,129
9-Oct-23,GSTSAL/1356,VARUNI SURGICALS,8496.00,9-Oct-23,129
10-Oct-23,GSTSAL/1362,AAYUSH NRI LEPL HEALTHCARE PRIVATE LIMITED,59040.00,10-Oct-23,128
11-Oct-23,GSTSAL/1371,AAYUSH NRI LEPL HEALTHCARE PRIVATE LIMITED,36912.00,11-Oct-23,127
11-Oct-23,GSTSAL/1372,AAYUSH NRI LEPL HEALTHCARE PRIVATE LIMITED,54353.00,11-Oct-23,127
11-Oct-23,GSTSAL/1374,INODAYA HOSPITAL,41000.00,11-Oct-23,127
11-Oct-23,GSTSAL/1376,KHIMS HOSPITALS,24800.00,11-Oct-23,127
11-Oct-23,GSTSAL/1377,KHIMS HOSPITALS,40800.00,11-Oct-23,127
11-Oct-23,GSTSAL/1378,KHIMS HOSPITALS,40800.00,11-Oct-23,127
11-Oct-23,GSTSAL/1368,SAI BHASKAR MEDICALS,35000.00,11-Oct-23,127
12-Oct-23,GSTSAL/1391,BISHAK PHARMA PRIVATE LIMITED,26687.00,12-Oct-23,126
12-Oct-23,GSTSAL/1387,KUNDA HOSPITALS,103349.00,12-Oct-23,126
12-Oct-23,GSTSAL/1397,MISO HEALTHCARE PRIVATE LIMITED,4389.00,12-Oct-23,126
12-Oct-23,GSTSAL/1398,MISO HEALTHCARE PRIVATE LIMITED,11000.00,12-Oct-23,126
12-Oct-23,GSTSAL/1379,MODUGULA VENU GOPALA REDDY,45000.00,12-Oct-23,126
12-Oct-23,GSTSAL/1385,"RAMESH HOSPITALS PVT LIMITED, GUNTUR",19530.00,12-Oct-23,126
12-Oct-23,GSTSAL/1388,SAI BHASKAR MEDICALS,21750.00,12-Oct-23,126
12-Oct-23,GSTSAL/1392,SAI BHASKAR MEDICALS,5712.00,12-Oct-23,126
12-Oct-23,GSTSAL/1395,SRI BHUVANTEJ ENTERPRISES,2232.00,12-Oct-23,126
13-Oct-23,GSTSAL/1399,AAYUSH NRI LEPL HEALTHCARE PRIVATE LIMITED,28613.00,13-Oct-23,125
13-Oct-23,GSTSAL/1400,AAYUSH NRI LEPL HEALTHCARE PRIVATE LIMITED,38455.00,13-Oct-23,125
13-Oct-23,GSTSAL/1401,AAYUSH NRI LEPL HEALTHCARE PRIVATE LIMITED,20000.00,13-Oct-23,125
13-Oct-23,GSTSAL/1408,HRUSHEET MEDICALS,25177.00,13-Oct-23,125
13-Oct-23,GSTSAL/1402,MISO HEALTHCARE PRIVATE LIMITED,4000.00,13-Oct-23,125
13-Oct-23,GSTSAL/1404,MISO HEALTHCARE PRIVATE LIMITED,3000.00,13-Oct-23,125
13-Oct-23,GSTSAL/1406,MISO HEALTHCARE PRIVATE LIMITED,2489.00,13-Oct-23,125
13-Oct-23,GSTSAL/1407,MISO HEALTHCARE PRIVATE LIMITED,5313.00,13-Oct-23,125
13-Oct-23,GSTSAL/1403,MISO HEALTHCARE PRIVATE LIMITED,2258.00,13-Oct-23,125
14-Oct-23,GSTSAL/1419,HRUSHEET MEDICALS,31401.00,14-Oct-23,124
14-Oct-23,GSTSAL/1417,VARUNI SURGICALS,15021.00,14-Oct-23,124
16-Oct-23,GSTSAL/1430,AAYUSH NRI LEPL HEALTHCARE PRIVATE LIMITED,13900.00,16-Oct-23,122
16-Oct-23,GSTSAL/1429,CHIRANJEEVI HOSPITAL,7110.00,16-Oct-23,122
16-Oct-23,GSTSAL/1431,CHIRANJEEVI HOSPITAL,10450.00,16-Oct-23,122
16-Oct-23,GSTSAL/1432,CHIRANJEEVI HOSPITAL,7271.00,16-Oct-23,122
16-Oct-23,GSTSAL/1425,KUNDA HOSPITALS,127821.00,16-Oct-23,122
16-Oct-23,GSTSAL/1428,RSV SURGICALS AND MEDICALS,2885.00,16-Oct-23,122
17-Oct-23,GSTSAL/1436,M.J.NAIDU SUPER SPECIALITY HOSPITALS,120000.00,17-Oct-23,121
18-Oct-23,GSTSAL/1441,AAYUSH NRI LEPL HEALTHCARE PRIVATE LIMITED,38411.00,18-Oct-23,120
18-Oct-23,GSTSAL/1442,KUNDA HOSPITALS,67795.00,18-Oct-23,120
18-Oct-23,GSTSAL/1443,MISO HEALTHCARE PRIVATE LIMITED,7893.00,18-Oct-23,120
18-Oct-23,GSTSAL/1444,MISO HEALTHCARE PRIVATE LIMITED,1910.00,18-Oct-23,120
18-Oct-23,GSTSAL/1445,MISO HEALTHCARE PRIVATE LIMITED,4000.00,18-Oct-23,120
18-Oct-23,GSTSAL/1446,MISO HEALTHCARE PRIVATE LIMITED,30500.00,18-Oct-23,120
18-Oct-23,GSTSAL/1439,SAI GODAVARI MEDICALS,9452.00,18-Oct-23,120
19-Oct-23,GSTSAL/1451,AAYUSH NRI LEPL HEALTHCARE PRIVATE LIMITED,13000.00,19-Oct-23,119
19-Oct-23,GSTSAL/1452,AAYUSH NRI LEPL HEALTHCARE PRIVATE LIMITED,30000.00,19-Oct-23,119
19-Oct-23,GSTSAL/1450,MYTHREE MEDICAL SERVICES LLP,6300.00,19-Oct-23,119
20-Oct-23,GSTSAL/1455,AAYUSH NRI LEPL HEALTHCARE PRIVATE LIMITED,30000.00,20-Oct-23,118
20-Oct-23,GSTSAL/1462,KHIMS HOSPITALS,40800.00,20-Oct-23,118
20-Oct-23,GSTSAL/1457,NAGARJUNA HOSPITALS PRIVATE LIMITED,24500.00,20-Oct-23,118
21-Oct-23,GSTSAL/1464,AAYUSH NRI LEPL HEALTHCARE PRIVATE LIMITED,27346.00,21-Oct-23,117
21-Oct-23,GSTSAL/1465,AAYUSH NRI LEPL HEALTHCARE PRIVATE LIMITED,3150.00,21-Oct-23,117
21-Oct-23,GSTSAL/1469,BISHAK PHARMA PRIVATE LIMITED,54878.00,21-Oct-23,117
21-Oct-23,GSTSAL/1468,(CASH)All India Institute of Medical Sciences(AIIMS,4100.00,21-Oct-23,117
22-Oct-23,GSTSAL/1471,DELTA PHARMACY(CENTRAL STORE),28250.00,22-Oct-23,116
23-Oct-23,GSTSAL/1472,SRAVANI HOSPITAL,62551.00,23-Oct-23,115
23-Oct-23,GSTSAL/1473,SRAVANI HOSPITAL,62551.00,23-Oct-23,115
25-Oct-23,GSTSAL/1478,AAYUSH NRI LEPL HEALTHCARE PRIVATE LIMITED,28613.00,25-Oct-23,113
25-Oct-23,GSTSAL/1481,AAYUSH NRI LEPL HEALTHCARE PRIVATE LIMITED,10710.00,25-Oct-23,113
25-Oct-23,GSTSAL/1484,DELTA PHARMACY(CENTRAL STORE),17000.00,25-Oct-23,113
25-Oct-23,GSTSAL/1487,KUNDA HOSPITALS,20000.00,25-Oct-23,113
25-Oct-23,GSTSAL/1476,SAI BHASKAR MEDICALS,16000.00,25-Oct-23,113
25-Oct-23,GSTSAL/1477,SAI BHASKAR MEDICALS,2541.00,25-Oct-23,113
26-Oct-23,GSTSAL/1489,AAYUSH NRI LEPL HEALTHCARE PRIVATE LIMITED,31642.00,26-Oct-23,112
26-Oct-23,GSTSAL/1492,AAYUSH NRI LEPL HEALTHCARE PRIVATE LIMITED,33362.00,26-Oct-23,112
26-Oct-23,GSTSAL/1501,AAYUSH NRI LEPL HEALTHCARE PRIVATE LIMITED,4500.00,26-Oct-23,112
26-Oct-23,GSTSAL/1495,APOLLO HOSPITALS HEALTH CITY,1.00,26-Oct-23,112
26-Oct-23,GSTSAL/1490,MISO HEALTHCARE PRIVATE LIMITED,15000.00,26-Oct-23,112
26-Oct-23,GSTSAL/1499,MISO HEALTHCARE PRIVATE LIMITED,3455.00,26-Oct-23,112
27-Oct-23,GSTSAL/1502,THE C.M.S,32725.50,27-Oct-23,111
27-Oct-23,GSTSAL/1503,THE C.M.S,29525.89,27-Oct-23,111
28-Oct-23,GSTSAL/1512,APOLLO HOSPITALS HEALTH CITY,62549.00,28-Oct-23,110
28-Oct-23,GSTSAL/1511,KUNDA HOSPITALS,42154.00,28-Oct-23,110
28-Oct-23,GSTSAL/1508,MISO HEALTHCARE PRIVATE LIMITED,12495.00,28-Oct-23,110
28-Oct-23,GSTSAL/1505,M.J.NAIDU SUPER SPECIALITY HOSPITALS,122415.00,28-Oct-23,110
28-Oct-23,GSTSAL/1509,SAI BHASKAR MEDICALS,2205.00,28-Oct-23,110
28-Oct-23,GSTSAL/1510,SAI BHASKAR MEDICALS,6248.00,28-Oct-23,110
28-Oct-23,GSTSAL/1506,TRUST PHARMACEUTICALS,13715.00,28-Oct-23,110
30-Oct-23,GSTSAL/1526,TRUST PHARMACEUTICALS,21144.00,30-Oct-23,108
31-Oct-23,GSTSAL/1526,AAYUSH NRI LEPL HEALTHCARE PRIVATE LIMITED,30188.00,31-Oct-23,107
31-Oct-23,GSTSAL/1541,APPLE HOSPITALS,20723.00,31-Oct-23,107
31-Oct-23,GSTSAL/1536,BISHAK PHARMA PRIVATE LIMITED,53824.00,31-Oct-23,107
31-Oct-23,GSTSAL/1532,DR RAMESH CARDIAC AND MULTISPECIALITY HOSPITAL PVT LTD,38150.00,31-Oct-23,107
31-Oct-23,GSTSAL/1533,DR RAMESH CARDIAC AND MULTISPECIALITY HOSPITAL PVT LTD,2688.00,31-Oct-23,107
31-Oct-23,GSTSAL/1539,SRI ANU HOSPITALS PRIVATE LIMITED,32000.00,31-Oct-23,107
1-Nov-23,GSTSAL/1542,SANJIVI HOSPITALS,58000.00,1-Nov-23,106
1-Nov-23,GSTSAL/1543,SANJIVI HOSPITALS,58000.00,1-Nov-23,106
2-Nov-23,GSTSAL/1547,AAYUSH NRI LEPL HEALTHCARE PRIVATE LIMITED,33362.00,2-Nov-23,105
2-Nov-23,GSTSAL/1545,AAYUSH NRI LEPL HEALTHCARE PRIVATE LIMITED,53000.00,2-Nov-23,105
2-Nov-23,GSTSAL/1544,TRUST PHARMACEUTICALS,26696.00,2-Nov-23,105
2-Nov-23,GSTSAL/1546,VARUNI SURGICALS,15000.00,2-Nov-23,105
3-Nov-23,GSTSAL/1553,KHIMS HOSPITALS,40800.00,3-Nov-23,104
3-Nov-23,GSTSAL/1552,MISO HEALTHCARE PRIVATE LIMITED,2331.00,3-Nov-23,104
3-Nov-23,GSTSAL/1551,VARUNI SURGICALS,11000.00,3-Nov-23,104
4-Nov-23,GSTSAL/1560,BISHAK PHARMA PRIVATE LIMITED,26687.00,4-Nov-23,103
4-Nov-23,GSTSAL/1559,SAI BHASKAR MEDICALS,4620.00,4-Nov-23,103
6-Nov-23,GSTSAL/1568,AAYUSH NRI LEPL HEALTHCARE PRIVATE LIMITED,19000.00,6-Nov-23,101
6-Nov-23,GSTSAL/1572,AAYUSH NRI LEPL HEALTHCARE PRIVATE LIMITED,28613.00,6-Nov-23,101
6-Nov-23,GSTSAL/1566,"CAPITAL HOSPITALS, VIJAYAWADA",28000.00,6-Nov-23,101
6-Nov-23,GSTSAL/1574,DELTA PHARMACY(CENTRAL STORE),34720.00,6-Nov-23,101
6-Nov-23,GSTSAL/1562,KHIMS HOSPITALS,40800.00,6-Nov-23,101
6-Nov-23,GSTSAL/1569,SAI BHASKAR MEDICALS,3800.00,6-Nov-23,101
6-Nov-23,GSTSAL/1563,SANJIVI HOSPITALS,22500.00,6-Nov-23,101
6-Nov-23,GSTSAL/1564,SANJIVI HOSPITALS,85000.00,6-Nov-23,101
6-Nov-23,GSTSAL/1571,SYAMALA MEDICALS,600.00,6-Nov-23,101
7-Nov-23,GSTSAL/1582,DELTA PHARMACY(CENTRAL STORE),6300.00,7-Nov-23,100
7-Nov-23,GSTSAL/1577,PRAJA VAIDYA SALA,10994.00,7-Nov-23,100
7-Nov-23,GSTSAL/1578,TATA MEMORIAL CENTRE,92000.00,7-Nov-23,100
8-Nov-23,GSTSAL/1583,"CAPITAL HOSPITALS, VIJAYAWADA",3000.00,8-Nov-23,99
8-Nov-23,GSTSAL/1591,KUNDA HOSPITALS,63910.00,8-Nov-23,99
8-Nov-23,GSTSAL/1590,SANJIVI HOSPITALS,58000.00,8-Nov-23,99
9-Nov-23,GSTSAL/1597,ABC HOSPITALS,65000.00,9-Nov-23,98
9-Nov-23,GSTSAL/1593,A J SURGICALS,652.00,9-Nov-23,98
9-Nov-23,GSTSAL/1595,BISHAK PHARMA PRIVATE LIMITED,103710.00,9-Nov-23,98
9-Nov-23,GSTSAL/1596,KHIMS HOSPITALS,40800.00,9-Nov-23,98
9-Nov-23,GSTSAL/1600,MISO HEALTHCARE PRIVATE LIMITED,4000.00,9-Nov-23,98
9-Nov-23,GSTSAL/1603,MISO HEALTHCARE PRIVATE LIMITED,11000.00,9-Nov-23,98
9-Nov-23,GSTSAL/1604,MISO HEALTHCARE PRIVATE LIMITED,1943.00,9-Nov-23,98
9-Nov-23,GSTSAL/1592,SAI BHASKAR MEDICALS,3150.00,9-Nov-23,98
10-Nov-23,GSTSAL/1611,KHIMS HOSPITALS,40800.00,10-Nov-23,97
10-Nov-23,GSTSAL/1612,KHIMS HOSPITALS,40800.00,10-Nov-23,97
10-Nov-23,GSTSAL/1605,SAI BHASKAR MEDICALS,2835.00,10-Nov-23,97
10-Nov-23,GSTSAL/1607,SURYA GLOBAL HOSPITALS PRIVATE LIMITED,90000.00,10-Nov-23,97
11-Nov-23,GSTSAL/1614,"CAPITAL HOSPITALS, VIJAYAWADA",6000.00,11-Nov-23,96
11-Nov-23,GSTSAL/1616,NRI ACADEMY OF SCIENCES PHARMACY STORES,25305.00,11-Nov-23,96
13-Nov-23,GSTSAL/1621,SAI BHASKAR MEDICALS,11000.00,13-Nov-23,94
14-Nov-23,GSTSAL/1624,AAYUSH NRI LEPL HEALTHCARE PRIVATE LIMITED,3675.00,14-Nov-23,93
14-Nov-23,GSTSAL/1622,"CAPITAL HOSPITALS, VIJAYAWADA",8694.00,14-Nov-23,93
14-Nov-23,GSTSAL/1625,EERATI DEVI CHARAN( C/O: PSIMS HOSPITAL) CASH,13000.00,14-Nov-23,93
14-Nov-23,GSTSAL/1629,NAGARJUNA HOSPITALS PRIVATE LIMITED,13500.00,14-Nov-23,93
14-Nov-23,GSTSAL/1628,NRI ACADEMY OF SCIENCES PHARMACY STORES,26166.00,14-Nov-23,93
14-Nov-23,1,STRYKER INDIA PVT LIMITED,222000.00,29-Dec-23,48
15-Nov-23,GSTSAL/1636,A J SURGICALS,2447.00,15-Nov-23,92
15-Nov-23,GSTSAL/1638,BISHAK PHARMA PRIVATE LIMITED,17000.00,15-Nov-23,92
15-Nov-23,GSTSAL/1637,CHIRANJEEVI HOSPITAL,7134.00,15-Nov-23,92
15-Nov-23,GSTSAL/1630,LIFE CARE SURGICALS,750.00,15-Nov-23,92
15-Nov-23,GSTSAL/1631,M/s. NAVASHREE HOSPITAL,466100.04,15-Nov-23,92
15-Nov-23,GSTSAL/1635,RSV SURGICALS AND MEDICALS,1978.00,15-Nov-23,92
15-Nov-23,GSTSAL/1632,SAI BHASKAR MEDICALS,2457.00,15-Nov-23,92
16-Nov-23,GSTSAL/1639,AAYUSH NRI LEPL HEALTHCARE PRIVATE LIMITED,14079.00,16-Nov-23,91
16-Nov-23,GSTSAL/1641,DELTA PHARMACY(CENTRAL STORE),12000.00,16-Nov-23,91
16-Nov-23,GSTSAL/1644,KHIMS HOSPITALS,64675.00,16-Nov-23,91
16-Nov-23,GSTSAL/1645,KUNDA HOSPITALS,115000.00,16-Nov-23,91
16-Nov-23,GSTSAL/1646,RSV SURGICALS AND MEDICALS,3675.00,16-Nov-23,91
16-Nov-23,GSTSAL/1640,SVS FACILITY MANAGEMENT SERVICES PRIVATE LIMITED,22370.00,16-Nov-23,91
17-Nov-23,GSTSAL/1650,AAYUSH NRI LEPL HEALTHCARE PRIVATE LIMITED,56000.00,17-Nov-23,90
17-Nov-23,GSTSAL/1653,BISHAK PHARMA PRIVATE LIMITED,115518.00,17-Nov-23,90
17-Nov-23,2324,M/S VISAKHA HEALTHCARE INDIA PVT LTD,79083.00,17-Nov-23,90
17-Nov-23,GSTSAL/1654,RAMEEZA PHARMACY,3.00,17-Nov-23,90
20-Nov-23,GSTSAL/1658,AAYUSH NRI LEPL HEALTHCARE PRIVATE LIMITED,37000.00,20-Nov-23,87
20-Nov-23,GSTSAL/1659,AAYUSH NRI LEPL HEALTHCARE PRIVATE LIMITED,13302.00,20-Nov-23,87
20-Nov-23,GSTSAL/1663,AAYUSH NRI LEPL HEALTHCARE PRIVATE LIMITED,38632.00,20-Nov-23,87
20-Nov-23,GSTSAL/1664,AAYUSH NRI LEPL HEALTHCARE PRIVATE LIMITED,9000.00,20-Nov-23,87
20-Nov-23,GSTSAL/1668,AMARA PHARMACY,63910.00,20-Nov-23,87
20-Nov-23,GSTSAL/1662,"CAPITAL HOSPITALS, VIJAYAWADA",9500.00,20-Nov-23,87
20-Nov-23,GSTSAL/1671,CHIRANJEEVI HOSPITAL,3524.00,20-Nov-23,87
20-Nov-23,GSTSAL/1670,CHIRANJEEVI HOSPITAL,20286.00,20-Nov-23,87
20-Nov-23,GSTSAL/1665,KV SHINE HOSPITALS PRIVATE LIMITED,48000.00,20-Nov-23,87
20-Nov-23,GSTSAL/1666,KV SHINE HOSPITALS PRIVATE LIMITED,48000.00,20-Nov-23,87
20-Nov-23,GSTSAL/1667,KV SHINE HOSPITALS PRIVATE LIMITED,48000.00,20-Nov-23,87
20-Nov-23,GSTSAL/1669,KV SHINE HOSPITALS PRIVATE LIMITED,48000.00,20-Nov-23,87
20-Nov-23,GSTSAL/1657,SVS FACILITY MANAGEMENT SERVICES PRIVATE LIMITED,14414.00,20-Nov-23,87
21-Nov-23,GSTSAL/1672,AAYUSH NRI LEPL HEALTHCARE PRIVATE LIMITED,28613.00,21-Nov-23,86
21-Nov-23,GSTSAL/1673,AAYUSH NRI LEPL HEALTHCARE PRIVATE LIMITED,17792.00,21-Nov-23,86
22-Nov-23,GSTSAL/1677,AAYUSH NRI LEPL HEALTHCARE PRIVATE LIMITED,28613.00,22-Nov-23,85
22-Nov-23,GSTSAL/1678,AAYUSH NRI LEPL HEALTHCARE PRIVATE LIMITED,28613.00,22-Nov-23,85
22-Nov-23,GSTSAL/1676,"CAPITAL HOSPITALS, VIJAYAWADA",389.00,22-Nov-23,85
23-Nov-23,GSTSAL/1685,DR RAMESH CARDIAC AND MULTISPECIALITY HOSPITAL PVT LTD,23573.00,23-Nov-23,84
23-Nov-23,GSTSAL/1686,HELIOS PHARMACY,6195.00,23-Nov-23,84
24-Nov-23,GSTSAL/1691,AAYUSH NRI LEPL HEALTHCARE PRIVATE LIMITED,28613.00,24-Nov-23,83
24-Nov-23,GSTSAL/1687,"CAPITAL HOSPITALS, VIJAYAWADA",966.00,24-Nov-23,83
24-Nov-23,GSTSAL/1697,DR RAMESH CARDIAC AND MULTISPECIALITY HOSPITAL PVT LTD,44730.00,24-Nov-23,83
24-Nov-23,GSTSAL/1690,KUNDA HOSPITALS,63910.00,24-Nov-23,83
24-Nov-23,GSTSAL/1688,KV SHINE HOSPITALS PRIVATE LIMITED,48000.00,24-Nov-23,83
24-Nov-23,GSTSAL/1689,KV SHINE HOSPITALS PRIVATE LIMITED,48000.00,24-Nov-23,83
24-Nov-23,GSTSAL/1695,MISO HEALTHCARE PRIVATE LIMITED,420.00,24-Nov-23,83
25-Nov-23,GSTSAL/1699,AAYUSH NRI LEPL HEALTHCARE PRIVATE LIMITED,33251.00,25-Nov-23,82
25-Nov-23,GSTSAL/1703,DR RAMESH CARDIAC AND MULTISPECIALITY HOSPITAL PVT LTD,52333.00,25-Nov-23,82
25-Nov-23,GSTSAL/1707,KV SHINE HOSPITALS PRIVATE LIMITED,48000.00,25-Nov-23,82
25-Nov-23,GSTSAL/1705,SAMUDRA HEALTHCARE ENTERPRISE LIMITED,62549.00,25-Nov-23,82
25-Nov-23,GSTSAL/1704,SRI CHAITANYA ORTHOPEDIC AND EYE HOSPITAL,72275.00,25-Nov-23,82
25-Nov-23,GSTSAL/1701,SUN RISE HOSPITAL,9450.00,25-Nov-23,82
27-Nov-23,GSTSAL/1712,AAYUSH NRI LEPL HEALTHCARE PRIVATE LIMITED,36801.00,27-Nov-23,80
27-Nov-23,GSTSAL/1715,AMARA PHARMACY,119824.00,27-Nov-23,80
27-Nov-23,GSTSAL/1714,TOPSTARS PHARMACY,3360.00,27-Nov-23,80
27-Nov-23,GSTSAL/1713,TULASI MULTISPECIALITY HOSPITALS,36000.00,27-Nov-23,80
28-Nov-23,GSTSAL/1720,BISHAK PHARMA PRIVATE LIMITED,29037.00,28-Nov-23,79
28-Nov-23,GSTSAL/1727,KUNDA HOSPITALS,62000.00,28-Nov-23,79
28-Nov-23,GSTSAL/1717,KUNDA HOSPITALS,67795.00,28-Nov-23,79
28-Nov-23,GSTSAL/1724,KV SHINE HOSPITALS PRIVATE LIMITED,48000.00,28-Nov-23,79
28-Nov-23,GSTSAL/1719,TRUST PHARMACEUTICALS,22042.00,28-Nov-23,79
29-Nov-23,GSTSAL/1733,AAYUSH NRI LEPL HEALTHCARE PRIVATE LIMITED,31642.00,29-Nov-23,78
29-Nov-23,GSTSAL/1732,AAYUSH NRI LEPL HEALTHCARE PRIVATE LIMITED,39000.00,29-Nov-23,78
29-Nov-23,GSTSAL/1740,KRISHNA INSTITUTE OF MEDICAL SCIENCES LTD NELLORE,1.24,29-Nov-23,78
29-Nov-23,GSTSAL/1736,L G MEDICAL SPECIALITIES,34650.00,29-Nov-23,78
29-Nov-23,GSTSAL/1734,SRI SWARUPA SUPER SPECIALITY HOSPITAL,4000.00,29-Nov-23,78
29-Nov-23,GSTSAL/1737,THE C.M.S(Bhuvaneswar Enter Prises),12551.00,29-Nov-23,78
29-Nov-23,GSTSAL/1738,THE C.M.S(Bhuvaneswar Enter Prises),21504.00,29-Nov-23,78
30-Nov-23,GSTSAL/1743,A J SURGICALS,2264.00,30-Nov-23,77
30-Nov-23,GSTSAL/1745,ANDHRA HOSPITALS(VIJAYAWADA) PVT LTD,88400.00,30-Nov-23,77
30-Nov-23,GSTSAL/1744,LIFE CARE SURGICALS,1769.00,30-Nov-23,77
30-Nov-23,GSTSAL/1742,TULASI MULTISPECIALITY HOSPITALS,47800.00,30-Nov-23,77
1-Dec-23,GSTSAL/1749,KARTHIKEYA HOSPITAL(KADAPA),26000.00,1-Dec-23,76
1-Dec-23,GSTSAL/1748,SAI BHASKAR MEDICALS,1974.00,1-Dec-23,76
1-Dec-23,GSTSAL/1747,SAI BHASKAR MEDICALS,6300.00,1-Dec-23,76
2-Dec-23,GSTSAL/1752,AAYUSH NRI LEPL HEALTHCARE PRIVATE LIMITED,6505.00,2-Dec-23,75
2-Dec-23,GSTSAL/1753,AAYUSH NRI LEPL HEALTHCARE PRIVATE LIMITED,28613.00,2-Dec-23,75
2-Dec-23,GSTSAL/1754,MISO HEALTHCARE PRIVATE LIMITED,1260.00,2-Dec-23,75
2-Dec-23,GSTSAL/1755,MISO HEALTHCARE PRIVATE LIMITED,3000.00,2-Dec-23,75
2-Dec-23,GSTSAL/1758,SAMUDRA HEALTHCARE ENTERPRISE LIMITED,42975.00,2-Dec-23,75
2-Dec-23,GSTSAL/1762,SAMUDRA HEALTHCARE ENTERPRISE LIMITED,22575.00,2-Dec-23,75
2-Dec-23,GSTSAL/1760,SANJIVI HOSPITALS,85000.00,2-Dec-23,75
4-Dec-23,GSTSAL/1765,A J SURGICALS,1527.00,4-Dec-23,73
4-Dec-23,GSTSAL/1767,ANDHRA HOSPITALS(VIJAYAWADA) PVT LTD,12500.00,4-Dec-23,73
4-Dec-23,GSTSAL/1763,APPLE HOSPITALS,1705.00,4-Dec-23,73
4-Dec-23,GSTSAL/1764,DEVI SURGICALS (NARASARAOPET),2257.00,4-Dec-23,73
4-Dec-23,GSTSAL/1769,DR RAMESH CARDIAC AND MULTISPECIALITY HOSPITAL PVT LTD,32550.00,4-Dec-23,73
4-Dec-23,GSTSAL/1768,KRISHNA INSTITUTE OF MEDICAL SCIENCES LTD NELLORE,27993.00,4-Dec-23,73
4-Dec-23,GSTSAL/1770,KRISHNA INSTITUTE OF MEDICAL SCIENCES LTD NELLORE,30660.00,4-Dec-23,73
4-Dec-23,GSTSAL/1766,SVS FACILITY MANAGEMENT SERVICES PRIVATE LIMITED,35583.00,4-Dec-23,73
5-Dec-23,GSTSAL/1771,AMARA PHARMACY,115517.00,5-Dec-23,72
5-Dec-23,GSTSAL/1774,I.N.H.S. KALYANI HOSPITAL,791375.00,5-Dec-23,72
5-Dec-23,GSTSAL/1775,KRISHNA INSTITUTE OF MEDICAL SCIENCES LTD NELLORE,30660.00,5-Dec-23,72
5-Dec-23,GSTSAL/1777,MANIPAL OT PHARMACY,149595.00,5-Dec-23,72
5-Dec-23,GSTSAL/1772,SAI GODAVARI MEDICALS,34404.00,5-Dec-23,72
5-Dec-23,GSTSAL/1778,SREE PRATHIMA SUPER SPECIALITY HOSPITAL,20000.00,5-Dec-23,72
5-Dec-23,GSTSAL/1773,SVS FACILITY MANAGEMENT SERVICES PRIVATE LIMITED,20568.00,5-Dec-23,72
6-Dec-23,GSTSAL/1787,AMARA PHARMACY,103611.00,6-Dec-23,71
6-Dec-23,GSTSAL/1781,A.R.SURGICALS,468.00,6-Dec-23,71
6-Dec-23,GSTSAL/1780,DELTA PHARMACY(CENTRAL STORE),28250.00,6-Dec-23,71
6-Dec-23,GSTSAL/1783,KUNDA HOSPITALS,21470.00,6-Dec-23,71
6-Dec-23,GSTSAL/1786,"RAMESH HOSPITALS PVT LIMITED, GUNTUR",30870.00,6-Dec-23,71
6-Dec-23,GSTSAL/1785,SUN RISE HOSPITAL,31350.00,6-Dec-23,71
6-Dec-23,GSTSAL/1784,UNITY HOSPITALS,3360.00,6-Dec-23,71
7-Dec-23,GSTSAL/1793,KV SHINE HOSPITALS PRIVATE LIMITED,48000.00,7-Dec-23,70
7-Dec-23,GSTSAL/1794,KV SHINE HOSPITALS PRIVATE LIMITED,48000.00,7-Dec-23,70
7-Dec-23,GSTSAL/1792,"RAMESH HOSPITAL PRIVATE LIMITED, Vijayawada",43260.00,7-Dec-23,70
8-Dec-23,GSTSAL/1799,KV SHINE HOSPITALS PRIVATE LIMITED,5716.00,8-Dec-23,69
8-Dec-23,GSTSAL/1798,SRIKARA HOSPITAL,31000.00,8-Dec-23,69
9-Dec-23,GSTSAL/1806,AAYUSH NRI LEPL HEALTHCARE PRIVATE LIMITED,28613.00,9-Dec-23,68
9-Dec-23,GSTSAL/1802,"CAPITAL HOSPITALS, VIJAYAWADA",3602.00,9-Dec-23,68
9-Dec-23,GSTSAL/1809,DR RAMESH CARDIAC AND MULTISPECIALITY HOSPITAL PVT LTD,19530.00,9-Dec-23,68
9-Dec-23,GSTSAL/1808,"RAMESH HOSPITALS PVT LIMITED, GUNTUR",40740.00,9-Dec-23,68
9-Dec-23,GSTSAL/1800,SAI BHASKAR MEDICALS,9400.00,9-Dec-23,68
9-Dec-23,GSTSAL/1801,SAI BHASKAR MEDICALS,3150.00,9-Dec-23,68
11-Dec-23,GSTSAL/1815,ANDHRA HOSPITALS(ELURU) PVT LTD,2500.00,11-Dec-23,66
11-Dec-23,GSTSAL/1816,ANDHRA HOSPITALS(ELURU) PVT LTD,13000.00,11-Dec-23,66
11-Dec-23,GSTSAL/1819,MISO HEALTHCARE PRIVATE LIMITED,17795.00,11-Dec-23,66
11-Dec-23,7,OSSEOUS SURGICALS,3360.00,11-Dec-23,66
11-Dec-23,GSTSAL/1812,SANJIVI HOSPITALS,7095.00,11-Dec-23,66
11-Dec-23,GSTSAL/1814,SYAMALA MEDICALS,71500.00,11-Dec-23,66
12-Dec-23,GSTSAL/1825,SANJIVI HOSPITALS,56515.00,12-Dec-23,65
12-Dec-23,GSTSAL/1826,SANJIVI HOSPITALS,48000.00,12-Dec-23,65
13-Dec-23,GSTSAL/1837,AMARA PHARMACY,115517.00,13-Dec-23,64
13-Dec-23,GSTSAL/1830,BISHAK PHARMA PRIVATE LIMITED,27212.00,13-Dec-23,64
13-Dec-23,GSTSAL/1838,BISHAK PHARMA PRIVATE LIMITED,50000.00,13-Dec-23,64
13-Dec-23,GSTSAL/1835,DEVI SURGICALS (NARASARAOPET),5500.00,13-Dec-23,64
13-Dec-23,GSTSAL/1829,KHIMS HOSPITALS,40800.00,13-Dec-23,64
13-Dec-23,GSTSAL/1832,LIFE CARE SURGICALS,1029.00,13-Dec-23,64
13-Dec-23,GSTSAL/1834,RSV SURGICALS AND MEDICALS,8144.00,13-Dec-23,64
13-Dec-23,GSTSAL/1828,SAI BHASKAR MEDICALS,5565.00,13-Dec-23,64
13-Dec-23,GSTSAL/1836,"SHREYA''''S ORTHO, SKIN MULTISPECIALITY HOSPITAL",1420.00,13-Dec-23,64
13-Dec-23,GSTSAL/1831,TRUST PHARMACEUTICALS,36848.00,13-Dec-23,64
13-Dec-23,GSTSAL/1839,VARUNI SURGICALS,7000.00,13-Dec-23,64
15-Dec-23,GSTSAL/1847,A-1 SERVICES,8500.00,15-Dec-23,62
15-Dec-23,GSTSAL/1841,AAYUSH NRI LEPL HEALTHCARE PRIVATE LIMITED,15582.00,15-Dec-23,62
15-Dec-23,GSTSAL/1849,AMARA PHARMACY,119192.00,15-Dec-23,62
15-Dec-23,GSTSAL/1844,"CAPITAL HOSPITALS, VIJAYAWADA",10500.00,15-Dec-23,62
15-Dec-23,GSTSAL/1845,QUALITY CARE INDIA LIMITED,24393.00,15-Dec-23,62
15-Dec-23,GSTSAL/1848,SUN RISE HOSPITAL,32500.00,15-Dec-23,62
16-Dec-23,GSTSAL/1851,AAYUSH NRI LEPL HEALTHCARE PRIVATE LIMITED,48000.00,16-Dec-23,61
16-Dec-23,GSTSAL/1850,BISHAK PHARMA PRIVATE LIMITED,6500.00,16-Dec-23,61
16-Dec-23,GSTSAL/1852,KRISHNA INSTITUTE OF MEDICAL SCIENCES LTD NELLORE,65415.00,16-Dec-23,61
18-Dec-23,GSTSAL/1860,AAYUSH NRI LEPL HEALTHCARE PRIVATE LIMITED,38411.00,18-Dec-23,59
18-Dec-23,GSTSAL/1864,AAYUSH NRI LEPL HEALTHCARE PRIVATE LIMITED,28613.00,18-Dec-23,59
18-Dec-23,GSTSAL/1855,"CAPITAL HOSPITALS, VIJAYAWADA",5000.00,18-Dec-23,59
18-Dec-23,GSTSAL/1863,CHIRANJEEVI HOSPITAL,10500.00,18-Dec-23,59
18-Dec-23,GSTSAL/1861,KV SHINE HOSPITALS PRIVATE LIMITED,48000.00,18-Dec-23,59
18-Dec-23,GSTSAL/1870,ROOPA ORTHOPAEDIC & MULTI SPECIALITY HOSPITAL,12846.00,18-Dec-23,59
18-Dec-23,GSTSAL/1856,"SHREYA''''S ORTHO, SKIN MULTISPECIALITY HOSPITAL",14385.00,18-Dec-23,59
18-Dec-23,GSTSAL/1859,"SHREYA''''S ORTHO, SKIN MULTISPECIALITY HOSPITAL",22000.00,18-Dec-23,59
18-Dec-23,GSTSAL/1866,"SHREYA''''S ORTHO, SKIN MULTISPECIALITY HOSPITAL",5670.00,18-Dec-23,59
18-Dec-23,GSTSAL/1865,SUN RISE HOSPITAL,34755.00,18-Dec-23,59
19-Dec-23,GSTSAL/1871,KV SHINE HOSPITALS PRIVATE LIMITED,48000.00,19-Dec-23,58
20-Dec-23,GSTSAL/1873,AAYUSH NRI LEPL HEALTHCARE PRIVATE LIMITED,26250.00,20-Dec-23,57
20-Dec-23,GSTSAL/1874,AAYUSH NRI LEPL HEALTHCARE PRIVATE LIMITED,28613.00,20-Dec-23,57
20-Dec-23,GSTSAL/1875,AAYUSH NRI LEPL HEALTHCARE PRIVATE LIMITED,1499.00,20-Dec-23,57
20-Dec-23,GSTSAL/1872,ANDHRA HOSPITALS(ELURU) PVT LTD,17000.00,20-Dec-23,57
20-Dec-23,GSTSAL/1879,INHS JEEVANTI,43942.00,20-Dec-23,57
20-Dec-23,GSTSAL/1880,INHS JEEVANTI,45394.00,20-Dec-23,57
20-Dec-23,GSTSAL/1878,INHS JEEVANTI,25088.00,20-Dec-23,57
20-Dec-23,GSTSAL/1877,PRIYA PHARMACY,25200.00,20-Dec-23,57
20-Dec-23,GSTSAL/1876,SREE PRATHIMA SUPER SPECIALITY HOSPITAL,50663.00,20-Dec-23,57
21-Dec-23,GSTSAL/1889,A.R.SURGICALS,4127.00,21-Dec-23,56
21-Dec-23,GSTSAL/1890,BEZWADA PHARMACY,1155.00,21-Dec-23,56
21-Dec-23,GSTSAL/1892,CHIRANJEEVI HOSPITAL,3500.00,21-Dec-23,56
21-Dec-23,GSTSAL/1882,KV SHINE HOSPITALS PRIVATE LIMITED,48000.00,21-Dec-23,56
21-Dec-23,GSTSAL/1886,LIFE CARE SURGICALS,2352.00,21-Dec-23,56
21-Dec-23,GSTSAL/1883,"RAMESH HOSPITAL PRIVATE LIMITED, Vijayawada",24000.00,21-Dec-23,56
21-Dec-23,GSTSAL/1887,ROOPA ORTHOPAEDIC & MULTI SPECIALITY HOSPITAL,2500.00,21-Dec-23,56
21-Dec-23,GSTSAL/1888,ROOPA ORTHOPAEDIC & MULTI SPECIALITY HOSPITAL,10000.00,21-Dec-23,56
21-Dec-23,GSTSAL/1891,"SHREYA''''S ORTHO, SKIN MULTISPECIALITY HOSPITAL",5500.00,21-Dec-23,56
21-Dec-23,GSTSAL/1881,SWASTATA AGENCIES,85000.00,21-Dec-23,56
22-Dec-23,GSTSAL/1896,AMARA PHARMACY,70308.00,22-Dec-23,55
22-Dec-23,GSTSAL/1894,BISHAK PHARMA PRIVATE LIMITED,115518.00,22-Dec-23,55
22-Dec-23,GSTSAL/1893,KV SHINE HOSPITALS PRIVATE LIMITED,48000.00,22-Dec-23,55
22-Dec-23,GSTSAL/1895,"SHREYA''''S ORTHO, SKIN MULTISPECIALITY HOSPITAL",71700.00,22-Dec-23,55
22-Dec-23,GSTSAL/1899,VH PHARMACY,32351.00,22-Dec-23,55
23-Dec-23,GSTSAL/1902,AAYUSH NRI LEPL HEALTHCARE PRIVATE LIMITED,3623.00,23-Dec-23,54
23-Dec-23,GSTSAL/1904,"CAPITAL HOSPITALS, VIJAYAWADA",1365.00,23-Dec-23,54
23-Dec-23,GSTSAL/1901,KUNDA HOSPITALS,80353.00,23-Dec-23,54
23-Dec-23,GSTSAL/1909,KV SHINE HOSPITALS PRIVATE LIMITED,48000.00,23-Dec-23,54
23-Dec-23,GSTSAL/1903,MISO HEALTHCARE PRIVATE LIMITED,16000.00,23-Dec-23,54
23-Dec-23,GSTSAL/1907,MISO HEALTHCARE PRIVATE LIMITED,14333.00,23-Dec-23,54
26-Dec-23,GSTSAL/1913,AAYUSH NRI LEPL HEALTHCARE PRIVATE LIMITED,28613.00,26-Dec-23,51
26-Dec-23,GSTSAL/1918,BEZWADA PHARMACY,39386.00,26-Dec-23,51
26-Dec-23,GSTSAL/1911,L G MEDICAL SPECIALITIES,36750.00,26-Dec-23,51
26-Dec-23,GSTSAL/1914,"NETHISH MEDICALS, Kadapa",44940.00,26-Dec-23,51
26-Dec-23,GSTSAL/1915,SUN RISE HOSPITAL,12600.00,26-Dec-23,51
27-Dec-23,GSTSAL/1919,AAYUSH NRI LEPL HEALTHCARE PRIVATE LIMITED,30253.00,27-Dec-23,50
27-Dec-23,GSTSAL/1922,AMARA PHARMACY,70308.00,27-Dec-23,50
27-Dec-23,GSTSAL/1920,ROOPA ORTHOPAEDIC & MULTI SPECIALITY HOSPITAL,2500.00,27-Dec-23,50
27-Dec-23,GSTSAL/1923,SRI SWARUPA SUPER SPECIALITY HOSPITAL,1114.00,27-Dec-23,50
27-Dec-23,GSTSAL/1921,TOPSTARS PHARMACY,26300.00,27-Dec-23,50
28-Dec-23,GSTSAL/1929,AAYUSH NRI LEPL HEALTHCARE PRIVATE LIMITED,13500.00,28-Dec-23,49
28-Dec-23,GSTSAL/1934,KHIMS HOSPITALS,40800.00,28-Dec-23,49
28-Dec-23,GSTSAL/1933,KHIMS HOSPITALS,40800.00,28-Dec-23,49
28-Dec-23,GSTSAL/1928,LIFE CARE SURGICALS,2400.00,28-Dec-23,49
28-Dec-23,GSTSAL/1926,ROOPA ORTHOPAEDIC & MULTI SPECIALITY HOSPITAL,22500.00,28-Dec-23,49
28-Dec-23,GSTSAL/1927,ROOPA ORTHOPAEDIC & MULTI SPECIALITY HOSPITAL,2500.00,28-Dec-23,49
28-Dec-23,GSTSAL/1931,ROOPA ORTHOPAEDIC & MULTI SPECIALITY HOSPITAL,12000.00,28-Dec-23,49
28-Dec-23,GSTSAL/1932,ROOPA ORTHOPAEDIC & MULTI SPECIALITY HOSPITAL,2500.00,28-Dec-23,49
29-Dec-23,GSTSAL/1935,KHIMS HOSPITALS,40800.00,29-Dec-23,48
29-Dec-23,GSTSAL/1936,LATHA SUPER SPECIALITY HOSPITALS(VIJAYAWADA),13440.00,29-Dec-23,48
29-Dec-23,GSTSAL/1937,NRI ACADEMY OF SCIENCES PHARMACY STORES,24843.00,29-Dec-23,48
30-Dec-23,GSTSAL/1943,A.R.SURGICALS,1567.00,30-Dec-23,47
30-Dec-23,GSTSAL/1939,BISHAK PHARMA PRIVATE LIMITED,76868.00,30-Dec-23,47
30-Dec-23,GSTSAL/1940,KV SHINE HOSPITALS PRIVATE LIMITED,48000.00,30-Dec-23,47
30-Dec-23,GSTSAL/1946,SAMUDRA HEALTHCARE ENTERPRISE LIMITED,22575.00,30-Dec-23,47
30-Dec-23,GSTSAL/1945,"SHREYA''''S ORTHO, SKIN MULTISPECIALITY HOSPITAL",22000.00,30-Dec-23,47
30-Dec-23,GSTSAL/1941,SRI SATYA SURGICALS,4362.00,30-Dec-23,47
31-Dec-23,GSTSAL/1947,AAYUSH NRI LEPL HEALTHCARE PRIVATE LIMITED,55000.00,31-Dec-23,46
31-Dec-23,GSTSAL/1948,"CAPITAL HOSPITALS, VIJAYAWADA",2415.00,31-Dec-23,46
1-Jan-24,GSTSAL/1951,AAYUSH NRI LEPL HEALTHCARE PRIVATE LIMITED,2500.00,1-Jan-24,45
1-Jan-24,GSTSAL/1952,KHIMS HOSPITALS,40800.00,1-Jan-24,45
1-Jan-24,GSTSAL/1953,"SHREYA''''S ORTHO, SKIN MULTISPECIALITY HOSPITAL",22000.00,1-Jan-24,45
1-Jan-24,GSTSAL/1954,SRI SATYA SURGICALS,2881.00,1-Jan-24,45
2-Jan-24,GSTSAL/1957,KHIMS HOSPITALS,4821.00,2-Jan-24,44
2-Jan-24,GSTSAL/1959,KV SHINE HOSPITALS PRIVATE LIMITED,48000.00,2-Jan-24,44
2-Jan-24,GSTSAL/1955,ROOPA ORTHOPAEDIC & MULTI SPECIALITY HOSPITAL,2500.00,2-Jan-24,44
2-Jan-24,GSTSAL/1958,UNITY HOSPITALS,3360.00,2-Jan-24,44
3-Jan-24,GSTSAL/1967,KRISHNA INSTITUTE OF MEDICAL SCIENCES LTD NELLORE,34230.00,3-Jan-24,43
3-Jan-24,GSTSAL/1965,NANDAN HOSPITALS,10500.00,3-Jan-24,43
3-Jan-24,GSTSAL/1968,ROOPA ORTHOPAEDIC & MULTI SPECIALITY HOSPITAL,2500.00,3-Jan-24,43
3-Jan-24,GSTSAL/1969,"SHREYA''''S ORTHO, SKIN MULTISPECIALITY HOSPITAL",2205.00,3-Jan-24,43
3-Jan-24,GSTSAL/1966,TRUST PHARMACEUTICALS,26905.00,3-Jan-24,43
4-Jan-24,GSTSAL/1972,J J SURGI NEEDS,5775.00,4-Jan-24,42
4-Jan-24,GSTSAL/1970,KUNDA HOSPITALS,20000.00,4-Jan-24,42
4-Jan-24,GSTSAL/1971,SRI SATYA SURGICALS,5962.00,4-Jan-24,42
4-Jan-24,GSTSAL/1973,VARUNI SURGICALS,9290.00,4-Jan-24,42
5-Jan-24,GSTSAL/1974,AAYUSH NRI LEPL HEALTHCARE PRIVATE LIMITED,28753.00,5-Jan-24,41
5-Jan-24,GSTSAL/1981,"CAPITAL HOSPITALS, VIJAYAWADA",1680.00,5-Jan-24,41
5-Jan-24,GSTSAL/1980,"CAPITAL HOSPITALS, VIJAYAWADA",7000.00,5-Jan-24,41
5-Jan-24,GSTSAL/1979,CITI ORTHOPAEDIC CENTER,13000.00,5-Jan-24,41
5-Jan-24,GSTSAL/1978,KRISHNA INSTITUTE OF MEDICAL SCIENCES LTD NELLORE,30660.00,5-Jan-24,41
5-Jan-24,GSTSAL/1985,KV SHINE HOSPITALS PRIVATE LIMITED,48000.00,5-Jan-24,41
5-Jan-24,GSTSAL/1982,LIFE CARE SURGICALS,2352.00,5-Jan-24,41
5-Jan-24,GSTSAL/1984,MISO HEALTHCARE PRIVATE LIMITED,16433.00,5-Jan-24,41
5-Jan-24,GSTSAL/1975,SANJIVI HOSPITALS,85500.00,5-Jan-24,41
5-Jan-24,GSTSAL/1976,SVS FACILITY MANAGEMENT SERVICES PRIVATE LIMITED,21169.00,5-Jan-24,41
6-Jan-24,GSTSAL/1988,AAYUSH NRI LEPL HEALTHCARE PRIVATE LIMITED,56000.00,6-Jan-24,40
6-Jan-24,GSTSAL/1990,KANUMURI HOSPITALS,80000.00,6-Jan-24,40
6-Jan-24,GSTSAL/1992,KV SHINE HOSPITALS PRIVATE LIMITED,48000.00,6-Jan-24,40
6-Jan-24,GSTSAL/1989,ROOPA ORTHOPAEDIC & MULTI SPECIALITY HOSPITAL,65000.00,6-Jan-24,40
6-Jan-24,GSTSAL/1986,SANJIVI HOSPITALS,110000.00,6-Jan-24,40
8-Jan-24,GSTSAL/1995,AAYUSH NRI LEPL HEALTHCARE PRIVATE LIMITED,13000.00,8-Jan-24,38
8-Jan-24,GSTSAL/2001,A J SURGICALS,900.00,8-Jan-24,38
8-Jan-24,GSTSAL/2004,AMARA PHARMACY,140692.00,8-Jan-24,38
8-Jan-24,GSTSAL/1993,BEZWADA PHARMACY,13000.00,8-Jan-24,38
8-Jan-24,GSTSAL/2003,DELTA PHARMACY(CENTRAL STORE),58569.00,8-Jan-24,38
8-Jan-24,GSTSAL/1997,HRUSHEET MEDICALS,9816.00,8-Jan-24,38
8-Jan-24,GSTSAL/1998,HRUSHEET MEDICALS,10000.00,8-Jan-24,38
8-Jan-24,GSTSAL/2007,KV SHINE HOSPITALS PRIVATE LIMITED,48000.00,8-Jan-24,38
8-Jan-24,GSTSAL/2002,LIFE CARE SURGICALS,3539.00,8-Jan-24,38
8-Jan-24,GSTSAL/2006,MISO HEALTHCARE PRIVATE LIMITED,1800.00,8-Jan-24,38
8-Jan-24,GSTSAL/2005,MYTHREE MEDICAL SERVICES LLP,2800.00,8-Jan-24,38
8-Jan-24,GSTSAL/1996,PUJITHA HOSPITAL,9975.00,8-Jan-24,38
8-Jan-24,GSTSAL/2008,SANJIVI HOSPITALS,85000.00,8-Jan-24,38
8-Jan-24,GSTSAL/1999,SRI SWARUPA SUPER SPECIALITY HOSPITAL,3500.00,8-Jan-24,38
8-Jan-24,GSTSAL/2000,THE C.M.S(Bhuvaneswar Enter Prises),12551.00,8-Jan-24,38
8-Jan-24,GSTSAL/1994,TULASI MULTISPECIALITY HOSPITALS,20895.00,8-Jan-24,38
9-Jan-24,GSTSAL/2015,A-1 SERVICES,10500.00,9-Jan-24,37
9-Jan-24,GSTSAL/2010,AAYUSH NRI LEPL HEALTHCARE PRIVATE LIMITED,36206.00,9-Jan-24,37
9-Jan-24,GSTSAL/2012,APPLE HOSPITALS,34150.00,9-Jan-24,37
9-Jan-24,GSTSAL/2011,KRISHNA INSTITUTE OF MEDICAL SCIENCES LTD NELLORE,33747.00,9-Jan-24,37
9-Jan-24,GSTSAL/2018,KV SHINE HOSPITALS PRIVATE LIMITED,48000.00,9-Jan-24,37
9-Jan-24,GSTSAL/2017,MISO HEALTHCARE PRIVATE LIMITED,9450.00,9-Jan-24,37
9-Jan-24,GSTSAL/2016,"SHREYA''''S ORTHO, SKIN MULTISPECIALITY HOSPITAL",1575.00,9-Jan-24,37
9-Jan-24,GSTSAL/2013,SRI SAI SURGICALS ( NELLORE),8000.00,9-Jan-24,37
9-Jan-24,GSTSAL/2014,VIJAY ORTHOPEDIC & ACCIDENT CARE HOSPITAL,36500.00,9-Jan-24,37
10-Jan-24,GSTSAL/2022,BHIMAVARAM HOSPITALS LIMITED,18260.00,10-Jan-24,36
10-Jan-24,GSTSAL/2019,KHIMS HOSPITALS,40800.00,10-Jan-24,36
10-Jan-24,GSTSAL/2020,KHIMS HOSPITALS,40800.00,10-Jan-24,36
10-Jan-24,GSTSAL/2021,KV SHINE HOSPITALS PRIVATE LIMITED,48000.00,10-Jan-24,36
11-Jan-24,GSTSAL/2025,ANDHRA HOSPITALS(ELURU) PVT LTD,14500.00,11-Jan-24,35
11-Jan-24,GSTSAL/2026,BISHAK PHARMA PRIVATE LIMITED,79814.00,11-Jan-24,35
11-Jan-24,GSTSAL/2027,CITI ORTHOPAEDIC CENTER,8000.00,11-Jan-24,35
11-Jan-24,GSTSAL/2024,ROOPA ORTHOPAEDIC & MULTI SPECIALITY HOSPITAL,10000.00,11-Jan-24,35
12-Jan-24,GSTSAL/2028,AAYUSH NRI LEPL HEALTHCARE PRIVATE LIMITED,56000.00,12-Jan-24,34
12-Jan-24,GSTSAL/2033,BHIMAVARAM HOSPITALS LIMITED,12000.00,12-Jan-24,34
12-Jan-24,GSTSAL/2029,"CAPITAL HOSPITALS, VIJAYAWADA",2500.00,12-Jan-24,34
12-Jan-24,GSTSAL/2031,KRISHNA INSTITUTE OF MEDICAL SCIENCES LTD NELLORE,34230.00,12-Jan-24,34
12-Jan-24,GSTSAL/2036,"RAMESH HOSPITAL PRIVATE LIMITED, Vijayawada",3885.00,12-Jan-24,34
12-Jan-24,GSTSAL/2032,ROOPA ORTHOPAEDIC & MULTI SPECIALITY HOSPITAL,10000.00,12-Jan-24,34
12-Jan-24,GSTSAL/2030,SRI SWARUPA SUPER SPECIALITY HOSPITAL,75000.00,12-Jan-24,34
13-Jan-24,GSTSAL/2040,AAYUSH NRI LEPL HEALTHCARE PRIVATE LIMITED,28613.00,13-Jan-24,33
13-Jan-24,GSTSAL/2041,AAYUSH NRI LEPL HEALTHCARE PRIVATE LIMITED,13000.00,13-Jan-24,33
13-Jan-24,GSTSAL/2037,AMARA PHARMACY,47985.00,13-Jan-24,33
13-Jan-24,GSTSAL/2038,KRISHNA INSTITUTE OF MEDICAL SCIENCES LTD NELLORE,32424.00,13-Jan-24,33
14-Jan-24,GSTSAL/2042,AAYUSH NRI LEPL HEALTHCARE PRIVATE LIMITED,39870.00,14-Jan-24,32
14-Jan-24,GSTSAL/2044,POLY CLINIC & HOSPITAL,4200.00,14-Jan-24,32
14-Jan-24,GSTSAL/2043,POLY CLINIC & HOSPITAL,32200.00,14-Jan-24,32
14-Jan-24,GSTSAL/2045,PRAJA VAIDYA SALA,39500.00,14-Jan-24,32
14-Jan-24,GSTSAL/2046,SRI SWARUPA SUPER SPECIALITY HOSPITAL,10763.00,14-Jan-24,32
16-Jan-24,GSTSAL/2048,LATHA SUPER SPECIALITY HOSPITALS(VIJAYAWADA),32000.00,16-Jan-24,30
17-Jan-24,GSTSAL/2051,KUNDA HOSPITALS,23100.00,17-Jan-24,29
17-Jan-24,GSTSAL/2054,LIFE CARE SURGICALS,3325.00,17-Jan-24,29
17-Jan-24,GSTSAL/2053,ROOPA ORTHOPAEDIC & MULTI SPECIALITY HOSPITAL,2500.00,17-Jan-24,29
17-Jan-24,GSTSAL/2050,SVARA KMR HOSPITAL,11000.00,17-Jan-24,29
18-Jan-24,GSTSAL/2060,APPLE HOSPITALS,24000.00,18-Jan-24,28
18-Jan-24,GSTSAL/2057,RSV SURGICALS AND MEDICALS,4950.00,18-Jan-24,28
18-Jan-24,GSTSAL/2058,SRI SWARUPA SUPER SPECIALITY HOSPITAL,3000.00,18-Jan-24,28
18-Jan-24,GSTSAL/2061,VARUNI SURGICALS,630.00,18-Jan-24,28
19-Jan-24,GSTSAL/2069,AMULYA MEDICALS A UNIT OF FOUR HEALTH CARE INDIA LIMITED,26800.00,19-Jan-24,27
19-Jan-24,GSTSAL/2066,"CAPITAL HOSPITALS, VIJAYAWADA",32000.00,19-Jan-24,27
19-Jan-24,GSTSAL/2063,DELTA PHARMACY(CENTRAL STORE),35300.00,19-Jan-24,27
19-Jan-24,GSTSAL/2062,ROOPA ORTHOPAEDIC & MULTI SPECIALITY HOSPITAL,52500.00,19-Jan-24,27
19-Jan-24,GSTSAL/2067,SAMUDRA HEALTHCARE ENTERPRISE LIMITED,42975.00,19-Jan-24,27
19-Jan-24,GSTSAL/2064,SRIKARA HOSPITAL,45894.00,19-Jan-24,27
19-Jan-24,GSTSAL/2065,SRI SAI RAM ORTHOPAEDIC HOSPITAL,49000.00,19-Jan-24,27
20-Jan-24,GSTSAL/2072,BISHAK PHARMA PRIVATE LIMITED,3250.00,20-Jan-24,26
20-Jan-24,GSTSAL/2071,"CAPITAL HOSPITALS, VIJAYAWADA",35300.00,20-Jan-24,26
20-Jan-24,GSTSAL/2070,ROOPA ORTHOPAEDIC & MULTI SPECIALITY HOSPITAL,2500.00,20-Jan-24,26
21-Jan-24,GSTSAL/2073,DR RAMESH CARDIAC AND MULTISPECIALITY HOSPITAL PVT LTD,13028.00,21-Jan-24,25
22-Jan-24,GSTSAL/2083,KV SHINE HOSPITALS PRIVATE LIMITED,48000.00,22-Jan-24,24
22-Jan-24,GSTSAL/2074,ROOPA ORTHOPAEDIC & MULTI SPECIALITY HOSPITAL,2500.00,22-Jan-24,24
22-Jan-24,GSTSAL/2084,"SHREYA''''S ORTHO, SKIN MULTISPECIALITY HOSPITAL",23260.00,22-Jan-24,24
22-Jan-24,GSTSAL/2079,"SHREYA''''S ORTHO, SKIN MULTISPECIALITY HOSPITAL",11000.00,22-Jan-24,24
22-Jan-24,GSTSAL/2078,"SHREYA''''S ORTHO, SKIN MULTISPECIALITY HOSPITAL",28500.00,22-Jan-24,24
22-Jan-24,GSTSAL/2080,SRI SATYA SURGICALS,7232.00,22-Jan-24,24
22-Jan-24,GSTSAL/2082,SRI SWARUPA SUPER SPECIALITY HOSPITAL,4050.00,22-Jan-24,24
22-Jan-24,GSTSAL/2076,VARUNI SURGICALS,3266.00,22-Jan-24,24
23-Jan-24,GSTSAL/2085,AAYUSH NRI LEPL HEALTHCARE PRIVATE LIMITED,28613.00,23-Jan-24,23
23-Jan-24,GSTSAL/2086,BISHAK PHARMA PRIVATE LIMITED,26687.00,23-Jan-24,23
23-Jan-24,GSTSAL/2087,I.N.H.S. KALYANI HOSPITAL,13619.00,23-Jan-24,23
23-Jan-24,GSTSAL/2088,I.N.H.S. KALYANI HOSPITAL,11376.00,23-Jan-24,23
23-Jan-24,GSTSAL/2091,KV SHINE HOSPITALS PRIVATE LIMITED,48000.00,23-Jan-24,23
23-Jan-24,GSTSAL/2089,"RAMESH HOSPITAL PRIVATE LIMITED, Vijayawada",36750.00,23-Jan-24,23
23-Jan-24,GSTSAL/2090,"SHREYA''''S ORTHO, SKIN MULTISPECIALITY HOSPITAL",16500.00,23-Jan-24,23
24-Jan-24,GSTSAL/2095,AAYUSH NRI LEPL HEALTHCARE PRIVATE LIMITED,26250.00,24-Jan-24,22
24-Jan-24,GSTSAL/2096,AMARA PHARMACY,70308.00,24-Jan-24,22
24-Jan-24,GSTSAL/2093,ANDHRA HOSPITALS(ELURU) PVT LTD,18000.00,24-Jan-24,22
24-Jan-24,GSTSAL/2100,DR.M.NARENDRA KUMAR,13125.00,24-Jan-24,22
24-Jan-24,GSTSAL/2097,L G MEDICAL SPECIALITIES,14350.00,24-Jan-24,22
24-Jan-24,GSTSAL/2099,PUJITHA HOSPITAL,1890.00,24-Jan-24,22
24-Jan-24,GSTSAL/2098,"SHREYA''''S ORTHO, SKIN MULTISPECIALITY HOSPITAL",7000.00,24-Jan-24,22
24-Jan-24,GSTSAL/2094,SREE SHINE PHARMACY,83750.00,24-Jan-24,22
25-Jan-24,GSTSAL/2104,A-1 SERVICES,8500.00,25-Jan-24,21
25-Jan-24,GSTSAL/2106,APOLLO HOSPITALS HEALTH CITY,62549.00,25-Jan-24,21
25-Jan-24,GSTSAL/2103,MISO HEALTHCARE PRIVATE LIMITED,15000.00,25-Jan-24,21
25-Jan-24,GSTSAL/2108,ROOPA ORTHOPAEDIC & MULTI SPECIALITY HOSPITAL,2500.00,25-Jan-24,21
25-Jan-24,GSTSAL/2109,ROOPA ORTHOPAEDIC & MULTI SPECIALITY HOSPITAL,10973.00,25-Jan-24,21
25-Jan-24,GSTSAL/2107,"SHREYA''''S ORTHO, SKIN MULTISPECIALITY HOSPITAL",22000.00,25-Jan-24,21
25-Jan-24,GSTSAL/2102,SRAVANI HOSPITAL,70308.00,25-Jan-24,21
25-Jan-24,GSTSAL/2101,"VIJAYANAGAR HOSPITALS PRIVATE LIMITED

",72000.00,25-Jan-24,21
26-Jan-24,GSTSAL/2111,AMRUTHA HOSPITAL,16600.00,26-Jan-24,20
27-Jan-24,GSTSAL/2122,APOLLO HOSPITALS HEALTH CITY,62549.00,27-Jan-24,19
27-Jan-24,GSTSAL/2119,BISHAK PHARMA PRIVATE LIMITED,3250.00,27-Jan-24,19
27-Jan-24,GSTSAL/2120,BISHAK PHARMA PRIVATE LIMITED,29828.00,27-Jan-24,19
27-Jan-24,GSTSAL/2127,CITI ORTHOPAEDIC CENTER PHARMACY,5500.00,27-Jan-24,19
27-Jan-24,GSTSAL/2116,KARTHIKEYA ENTERPRISES,19500.00,27-Jan-24,19
27-Jan-24,GSTSAL/2121,KHIMS HOSPITALS,40800.00,27-Jan-24,19
27-Jan-24,GSTSAL/2123,KRISHNA INSTITUTE OF MEDICAL SCIENCES LTD NELLORE,59850.00,27-Jan-24,19
27-Jan-24,GSTSAL/2114,KUNDA HOSPITALS,51885.00,27-Jan-24,19
27-Jan-24,GSTSAL/2115,KUNDA HOSPITALS,80353.00,27-Jan-24,19
27-Jan-24,GSTSAL/2126,KUNDA HOSPITALS,51885.00,27-Jan-24,19
27-Jan-24,GSTSAL/2113,NRI ACADEMY OF SCIENCES PHARMACY STORES,19950.00,27-Jan-24,19
27-Jan-24,GSTSAL/2117,ROOPA ORTHOPAEDIC & MULTI SPECIALITY HOSPITAL,26000.00,27-Jan-24,19
27-Jan-24,GSTSAL/2124,SANGHAMITHRA HOSPITALS PRIVATE LIMITED,29400.00,27-Jan-24,19
27-Jan-24,GSTSAL/2118,"SHREYA''''S ORTHO, SKIN MULTISPECIALITY HOSPITAL",27983.00,27-Jan-24,19
27-Jan-24,GSTSAL/2130,"SHREYA''''S ORTHO, SKIN MULTISPECIALITY HOSPITAL",3885.00,27-Jan-24,19
27-Jan-24,GSTSAL/2128,SIDDHARTHA HOSPITALS,32550.00,27-Jan-24,19
29-Jan-24,GSTSAL/2138,CITI ORTHOPAEDIC CENTER PHARMACY,5500.00,29-Jan-24,17
29-Jan-24,GSTSAL/2131,KUNDA HOSPITALS,23100.00,29-Jan-24,17
29-Jan-24,GSTSAL/2134,KV SHINE HOSPITALS PRIVATE LIMITED,48000.00,29-Jan-24,17
29-Jan-24,GSTSAL/2140,MISO HEALTHCARE PRIVATE LIMITED,10000.00,29-Jan-24,17
29-Jan-24,GSTSAL/2137,SAI BHASKAR MEDICALS,1890.00,29-Jan-24,17
29-Jan-24,GSTSAL/2136,SAMUDRA HEALTHCARE ENTERPRISE LIMITED,22575.00,29-Jan-24,17
29-Jan-24,GSTSAL/2135,"SHREYA''''S ORTHO, SKIN MULTISPECIALITY HOSPITAL",2205.00,29-Jan-24,17
29-Jan-24,GSTSAL/2133,SRI SWARUPA SUPER SPECIALITY HOSPITAL,2352.00,29-Jan-24,17
30-Jan-24,GSTSAL/2142,SHREE OHM SURGICALS,9878.00,30-Jan-24,16
30-Jan-24,GSTSAL/2141,VARUNI SURGICALS,13322.00,30-Jan-24,16
31-Jan-24,GSTSAL/2153,A-1 SERVICES,7500.00,31-Jan-24,15
31-Jan-24,GSTSAL/2145,AAYUSH NRI LEPL HEALTHCARE PRIVATE LIMITED,26592.00,31-Jan-24,15
31-Jan-24,GSTSAL/2150,ANDHRA HOSPITALS(VIJAYAWADA) PVT LTD,129900.00,31-Jan-24,15
31-Jan-24,GSTSAL/2148,APOLLO HOSPITALS HEALTH CITY,62549.00,31-Jan-24,15
31-Jan-24,GSTSAL/2152,APPLE HOSPITALS,6174.00,31-Jan-24,15
31-Jan-24,GSTSAL/2147,J J SURGI NEEDS,2016.00,31-Jan-24,15
31-Jan-24,GSTSAL/2154,KRISHNA INSTITUTE OF MEDICAL SCIENCES LTD NELLORE,27510.00,31-Jan-24,15
31-Jan-24,GSTSAL/2146,MISO HEALTHCARE PRIVATE LIMITED,1800.00,31-Jan-24,15
31-Jan-24,GSTSAL/2149,VENKATESWARA HOSPITAL (KHMMAM),49000.00,31-Jan-24,15
1-Feb-24,GSTSAL/2156,AAYUSH NRI LEPL HEALTHCARE PRIVATE LIMITED,28613.00,1-Feb-24,14
1-Feb-24,GSTSAL/2159,ANDHRA HOSPITALS (VISAKHAPATNAM) PRIVATE,101150.00,1-Feb-24,14
1-Feb-24,GSTSAL/2163,KRISHNA INSTITUTE OF MEDICAL SCIENCES LTD NELLORE,25830.00,1-Feb-24,14
1-Feb-24,GSTSAL/2164,KRISHNA INSTITUTE OF MEDICAL SCIENCES LTD NELLORE,2163.00,1-Feb-24,14
1-Feb-24,GSTSAL/2157,KUNDA HOSPITALS,48000.00,1-Feb-24,14
1-Feb-24,GSTSAL/2158,SRI CHAITANYA ORTHOPEDIC AND EYE HOSPITAL,46997.00,1-Feb-24,14
1-Feb-24,GSTSAL/2161,SRI SWARUPA SUPER SPECIALITY HOSPITAL,8500.00,1-Feb-24,14
2-Feb-24,GSTSAL/2171,AMARA PHARMACY,70308.00,2-Feb-24,13
2-Feb-24,GSTSAL/2166,ANDHRA HOSPITALS(VIJAYAWADA) PVT LTD,71500.00,2-Feb-24,13
2-Feb-24,GSTSAL/2168,BISHAK PHARMA PRIVATE LIMITED,8131.00,2-Feb-24,13
2-Feb-24,GSTSAL/2169,KRISHNA INSTITUTE OF MEDICAL SCIENCES LTD NELLORE,27510.00,2-Feb-24,13
2-Feb-24,GSTSAL/2170,KV SHINE HOSPITALS PRIVATE LIMITED,48000.00,2-Feb-24,13
2-Feb-24,GSTSAL/2167,SAMUDRA HEALTHCARE ENTERPRISE LIMITED,22575.00,2-Feb-24,13
2-Feb-24,GSTSAL/2165,SRI CHAITANYA ORTHOPEDIC AND EYE HOSPITAL,70308.00,2-Feb-24,13
3-Feb-24,GSTSAL/2181,A-1 SERVICES,8500.00,3-Feb-24,12
3-Feb-24,GSTSAL/2183,AKSHARA HOSPITAL,18000.00,3-Feb-24,12
3-Feb-24,GSTSAL/2182,AKSHARA HOSPITAL,4500.00,3-Feb-24,12
3-Feb-24,GSTSAL/2184,BISHAK PHARMA PRIVATE LIMITED,8131.00,3-Feb-24,12
3-Feb-24,GSTSAL/2173,BISHAK PHARMA PRIVATE LIMITED,37884.00,3-Feb-24,12
3-Feb-24,GSTSAL/2172,"CAPITAL HOSPITALS, VIJAYAWADA",31000.00,3-Feb-24,12
3-Feb-24,GSTSAL/2180,CITI ORTHOPAEDIC CENTER PHARMACY,5500.00,3-Feb-24,12
3-Feb-24,GSTSAL/2177,NANDAN HOSPITALS,3996.00,3-Feb-24,12
3-Feb-24,GSTSAL/2176,NUHA HOSPITAL,80000.00,3-Feb-24,12
3-Feb-24,GSTSAL/2178,PUJITHA HOSPITAL,24300.00,3-Feb-24,12
3-Feb-24,GSTSAL/2174,ROOPA ORTHOPAEDIC & MULTI SPECIALITY HOSPITAL,2595.00,3-Feb-24,12
3-Feb-24,GSTSAL/2179,"SHREYA''''S ORTHO, SKIN MULTISPECIALITY HOSPITAL",1575.00,3-Feb-24,12
5-Feb-24,GSTSAL/2187,AKSHARA HOSPITAL,8000.00,5-Feb-24,10
5-Feb-24,GSTSAL/2188,AKSHARA HOSPITAL,80000.00,5-Feb-24,10
5-Feb-24,GSTSAL/2192,AMARA PHARMACY,70308.00,5-Feb-24,10
5-Feb-24,GSTSAL/2191,APOLLO HOSPITALS HEALTH CITY,62549.00,5-Feb-24,10
5-Feb-24,GSTSAL/2189,APPLE HOSPITALS,18065.00,5-Feb-24,10
5-Feb-24,GSTSAL/2190,APPLE HOSPITALS,24614.00,5-Feb-24,10
5-Feb-24,GSTSAL/2186,SRI CHAITANYA ORTHOPEDIC AND EYE HOSPITAL,70308.00,5-Feb-24,10
5-Feb-24,GSTSAL/2185,SRI CHAITANYA ORTHOPEDIC AND EYE HOSPITAL,46997.00,5-Feb-24,10
6-Feb-24,GSTSAL/2196,AAYUSH NRI LEPL HEALTHCARE PRIVATE LIMITED,28613.00,6-Feb-24,9
6-Feb-24,GSTSAL/2197,DELTA PHARMACY(CENTRAL STORE),34720.00,6-Feb-24,9
6-Feb-24,GSTSAL/2200,SRI SATYA SURGICALS,5633.00,6-Feb-24,9
6-Feb-24,GSTSAL/2199,VIJAY ORTHOPEDIC & ACCIDENT CARE HOSPITAL,6089.00,6-Feb-24,9
7-Feb-24,GSTSAL/2203,AAYUSH NRI LEPL HEALTHCARE PRIVATE LIMITED,11000.00,7-Feb-24,8
7-Feb-24,GSTSAL/2206,AKSHARA HOSPITAL,20993.00,7-Feb-24,8
7-Feb-24,GSTSAL/2209,AMARA PHARMACY,70308.00,7-Feb-24,8
7-Feb-24,GSTSAL/2205,BISHAK PHARMA PRIVATE LIMITED,25156.00,7-Feb-24,8
7-Feb-24,GSTSAL/2201,"CAPITAL HOSPITALS, VIJAYAWADA",1838.00,7-Feb-24,8
7-Feb-24,GSTSAL/2207,KRISHNA INSTITUTE OF MEDICAL SCIENCES LTD NELLORE,61740.00,7-Feb-24,8
7-Feb-24,GSTSAL/2208,THE C.M.S(Bhuvaneswar Enter Prises),10752.00,7-Feb-24,8
7-Feb-24,GSTSAL/2204,TOPSTARS PHARMACY,6000.00,7-Feb-24,8
8-Feb-24,GSTSAL/2216,A-1 SERVICES,8500.00,8-Feb-24,7
8-Feb-24,GSTSAL/2210,AAYUSH NRI LEPL HEALTHCARE PRIVATE LIMITED,33362.00,8-Feb-24,7
8-Feb-24,GSTSAL/2212,APOLLO HOSPITALS HEALTH CITY,62549.00,8-Feb-24,7
8-Feb-24,GSTSAL/2213,KHIMS HOSPITALS,40800.00,8-Feb-24,7
8-Feb-24,GSTSAL/2211,KV SHINE HOSPITALS PRIVATE LIMITED,48000.00,8-Feb-24,7
8-Feb-24,GSTSAL/2214,SRAVANI HOSPITAL,70308.00,8-Feb-24,7
8-Feb-24,GSTSAL/2215,SWASTATA AGENCIES,111600.00,8-Feb-24,7
9-Feb-24,GSTSAL/2223,AAYUSH NRI LEPL HEALTHCARE PRIVATE LIMITED,28613.00,9-Feb-24,6
9-Feb-24,GSTSAL/2224,AAYUSH NRI LEPL HEALTHCARE PRIVATE LIMITED,750.00,9-Feb-24,6
9-Feb-24,GSTSAL/2226,AMARA PHARMACY,70308.00,9-Feb-24,6
9-Feb-24,GSTSAL/2225,CITI ORTHOPAEDIC CENTER PHARMACY,5500.00,9-Feb-24,6
9-Feb-24,GSTSAL/2222,KHIMS HOSPITALS,40800.00,9-Feb-24,6
9-Feb-24,GSTSAL/2221,M.J.NAIDU SUPER SPECIALITY HOSPITALS,120000.00,9-Feb-24,6
9-Feb-24,GSTSAL/2220,SAI BHASKAR MEDICALS,32550.00,9-Feb-24,6
9-Feb-24,GSTSAL/2219,SAI BHASKAR MEDICALS(GUNTUR),48300.00,9-Feb-24,6
9-Feb-24,GSTSAL/2218,SENTHINI HOSPITALS,17378.00,9-Feb-24,6
9-Feb-24,GSTSAL/2217,SRAVANI HOSPITAL,61000.00,9-Feb-24,6
9-Feb-24,GSTSAL/2227,SRI SWARUPA SUPER SPECIALITY HOSPITAL,5072.00,9-Feb-24,6
10-Feb-24,GSTSAL/2230,AAYUSH NRI LEPL HEALTHCARE PRIVATE LIMITED,28613.00,10-Feb-24,5
10-Feb-24,GSTSAL/2229,AAYUSH NRI LEPL HEALTHCARE PRIVATE LIMITED,36206.00,10-Feb-24,5
10-Feb-24,GSTSAL/2231,AAYUSH NRI LEPL HEALTHCARE PRIVATE LIMITED,37000.00,10-Feb-24,5
10-Feb-24,GSTSAL/2232,I.N.H.S. KALYANI HOSPITAL,2865934.00,10-Feb-24,5
10-Feb-24,GSTSAL/2228,KV SHINE HOSPITALS PRIVATE LIMITED,48000.00,10-Feb-24,5
12-Feb-24,GSTSAL/2234,AAYUSH NRI LEPL HEALTHCARE PRIVATE LIMITED,36956.00,12-Feb-24,3
12-Feb-24,GSTSAL/2237,BEZWADA PHARMACY(CASH BILL),1100.00,12-Feb-24,3
12-Feb-24,GSTSAL/2233,"CAPITAL HOSPITALS, VIJAYAWADA",1500.00,12-Feb-24,3
12-Feb-24,GSTSAL/2238,KHIMS HOSPITALS,40800.00,12-Feb-24,3
12-Feb-24,GSTSAL/2240,KIMS-ICON CENTRAL PHARMACY STORES,150000.00,12-Feb-24,3
12-Feb-24,GSTSAL/2241,LATHA SUPER SPECIALITY HOSPITALS(VIJAYAWADA),39795.00,12-Feb-24,3
12-Feb-24,GSTSAL/2239,MEDIGO PHARMACY,69069.00,12-Feb-24,3
12-Feb-24,GSTSAL/2235,"NETHISH MEDICALS, Kadapa",24192.00,12-Feb-24,3
12-Feb-24,GSTSAL/2242,ROOPA ORTHOPAEDIC & MULTI SPECIALITY HOSPITAL,2500.00,12-Feb-24,3
12-Feb-24,GSTSAL/2236,TRUST PHARMACEUTICALS,24732.00,12-Feb-24,3
12-Feb-24,GSTSAL/2243,TULASI MULTISPECIALITY HOSPITALS,20265.00,12-Feb-24,3
13-Feb-24,GSTSAL/2247,A J SURGICALS,1882.00,13-Feb-24,2
13-Feb-24,GSTSAL/2245,KUNDA HOSPITALS,115000.00,13-Feb-24,2
13-Feb-24,GSTSAL/2244,NRI ACADEMY OF SCIENCES PHARMACY STORES,11721.00,13-Feb-24,2
13-Feb-24,GSTSAL/2246,RSV SURGICALS AND MEDICALS,7350.00,13-Feb-24,2
14-Feb-24,GSTSAL/2256,AKSHARA HOSPITAL,28800.00,14-Feb-24,1
14-Feb-24,GSTSAL/2248,"CAPITAL HOSPITALS, VIJAYAWADA",30798.00,14-Feb-24,1
14-Feb-24,GSTSAL/2255,(CASH)All India Institute of Medical Sciences(AIIMS,35000.00,14-Feb-24,1
14-Feb-24,GSTSAL/2250,KHIMS HOSPITALS,40800.00,14-Feb-24,1
14-Feb-24,GSTSAL/2249,"NETHISH MEDICALS, Kadapa",44940.00,14-Feb-24,1
14-Feb-24,GSTSAL/2254,PRAJA VAIDYA SALA,2625.00,14-Feb-24,1
14-Feb-24,GSTSAL/2251,SANJIVI HOSPITALS,6000.00,14-Feb-24,1
14-Feb-24,GSTSAL/2252,SANJIVI HOSPITALS,7000.00,14-Feb-24,1
14-Feb-24,GSTSAL/2253,TULASI MULTISPECIALITY HOSPITALS,21000.00,14-Feb-24,1
14-Feb-24,GSTSAL/2257,UNITY HOSPITALS,27122.00,14-Feb-24,1
15-Feb-24,GSTSAL/2258,UNITY HOSPITALS,10000.00,15-Feb-24,0
,,,36886551.47,,